tanggal,suhu,curah_hujan,kelembaban,eto,kc,etc,rain_eff,water_need,irrigation_need
2024-02-01,25.4,1.3,89,3.527388666421644,1.05,3.703758099742726,1.3,2.403758099742726,4.00626349957121
2024-02-02,27.2,24.3,82,3.973776437534132,1.05,4.1724652594108385,17.009999999999998,0.0,0.0
2024-02-03,25.6,10.5,90,4.665363274518094,1.05,4.898631438243998,7.35,0.0,0.0
2024-02-04,26.2,1.7,86,3.4728831457650915,1.05,3.6465273030533463,1.7,1.9465273030533463,3.2442121717555774
2024-02-05,26.5,4.2,84,2.8839887539442763,1.05,3.0281881916414903,4.2,0.0,0.0
2024-02-06,24.6,1.5,91,3.6171861247983874,1.05,3.798045431038307,1.5,2.298045431038307,3.8300757183971785
2024-02-07,25.0,3.2,90,2.460779900844876,1.05,2.58381889588712,3.2,0.0,0.0
2024-02-08,27.4,25.0,78,3.8105602258114444,1.05,4.001088237102016,17.5,0.0,0.0
2024-02-09,28.3,12.5,77,4.861256078988932,1.05,5.1043188829383785,8.75,0.0,0.0
2024-02-10,25.4,0.0,90,4.2016482996186655,1.05,4.4117307145995985,0.0,4.4117307145995985,7.352884524332665
2024-02-11,25.7,3.1,88,3.195951873004348,1.05,3.3557494666545655,3.1,0.25574946665456544,0.42624911109094243
2024-02-12,27.1,38.7,83,4.242485095160092,1.05,4.454609349918097,27.09,0.0,0.0
2024-02-13,28.3,24.4,80,4.336189222925591,1.05,4.552998684071871,17.08,0.0,0.0
2024-02-14,27.3,10.1,86,4.326028592436194,1.05,4.542330022058004,7.069999999999999,0.0,0.0
2024-02-15,26.8,3.0,89,2.6935562059780085,1.05,2.828234016276909,3.0,0.0,0.0
2024-02-16,26.3,9.0,91,3.204470872021844,1.05,3.3646944156229366,7.2,0.0,0.0
2024-02-17,25.8,3.6,91,2.7664902219693643,1.05,2.9048147330678327,3.6,0.0,0.0
2024-02-18,25.9,14.4,89,3.4568685517686446,1.05,3.629711979357077,10.08,0.0,0.0
2024-02-19,27.1,3.7,86,3.9696510965628553,1.05,4.168133651390998,3.7,0.46813365139099794,0.7802227523183299
2024-02-20,27.3,33.85,84,3.888359343001516,1.05,4.082777310151592,23.695,0.0,0.0
2024-02-21,26.9,64.0,87,4.667065688988749,1.05,4.900418973438186,44.8,0.0,0.0
2024-02-22,28.2,0.6,82,4.170214553795804,1.05,4.378725281485595,0.6,3.778725281485595,6.297875469142658
2024-02-23,28.5,2.0,78,5.116289489373993,1.05,5.372103963842693,2.0,3.372103963842693,5.620173273071155
2024-02-24,27.8,3.4,83,5.015377320523786,1.05,5.2661461865499755,3.4,1.8661461865499755,3.1102436442499592
2024-02-25,26.9,4.8,86,4.010658689849461,1.05,4.211191624341935,4.8,0.0,0.0
2024-02-26,26.9,3.566666666666666,85,2.6733869372716215,1.05,2.8070562841352027,3.566666666666666,0.0,0.0
2024-02-27,26.9,2.333333333333333,83,3.3208956204830145,1.05,3.4869404015071654,2.333333333333333,1.1536070681738324,1.9226784469563873
2024-02-28,26.2,1.1,89,4.079521376942035,1.05,4.283497445789137,1.1,3.1834974457891367,5.305829076315228
2024-02-29,24.8,5.0,93,2.711072643788454,1.05,2.8466262759778767,4.0,0.0,0.0
2024-03-01,25.7,3.7,89,2.680643223726124,1.05,2.8146753849124306,3.7,0.0,0.0
2024-03-02,25.6,25.0,94,3.5495595820560815,1.05,3.7270375611588857,17.5,0.0,0.0
2024-03-03,25.5,57.0,91,3.2517458273623734,1.15,3.7395077014667293,39.9,0.0,0.0
2024-03-04,26.7,30.4,86,3.2026125828724528,1.15,3.6830044703033202,21.279999999999998,0.0,0.0
2024-03-05,26.9,0.7,88,3.6042032025834727,1.15,4.144833682970993,0.7,3.4448336829709927,5.741389471618321
2024-03-06,26.6,0.8,87,3.472660677949317,1.15,3.993559779641714,0.8,3.1935597796417143,5.322599632736191
2024-03-07,26.6,40.2,88,3.924318095012253,1.15,4.512965809264091,28.14,0.0,0.0
2024-03-08,26.1,65.2,88,4.0730597584586,1.15,4.684018722227389,45.64,0.0,0.0
2024-03-09,25.0,18.8,91,2.78968015064155,1.15,3.2081321732377823,13.16,0.0,0.0
2024-03-10,26.9,4.0,88,2.5630631227596035,1.15,2.9475225911735436,4.0,0.0,0.0
2024-03-11,26.4,2.0,90,2.437207503045642,1.15,2.802788628502488,2.0,0.8027886285024879,1.3379810475041465
2024-03-12,26.4,10.7,86,2.692547024962929,1.15,3.096429078707368,7.489999999999999,0.0,0.0
2024-03-13,26.2,10.2,91,3.194053223593954,1.15,3.6731612071330466,7.139999999999999,0.0,0.0
2024-03-14,25.0,27.3,92,2.311280692703259,1.15,2.657972796608748,19.11,0.0,0.0
2024-03-15,24.8,38.6,90,3.5160058433701775,1.15,4.043406719875704,27.02,0.0,0.0
2024-03-16,25.2,13.9,89,2.3381980237467896,1.15,2.688927727308808,9.73,0.0,0.0
2024-03-17,24.9,6.9,91,2.7320364738736007,1.15,3.1418419449546406,5.5200000000000005,0.0,0.0
2024-03-18,26.7,9.0,82,2.8859399565764607,1.15,3.3188309500629294,7.2,0.0,0.0
2024-03-19,27.2,7.2,71,4.599238581943192,1.15,5.2891243692346706,5.760000000000001,0.0,0.0
2024-03-20,27.1,5.4,72,5.487709529836536,1.15,6.310865959312016,4.32,1.990865959312016,3.3181099321866934
2024-03-21,27.8,3.6,78,5.323879377261309,1.15,6.122461283850505,3.6,2.522461283850505,4.204102139750842
2024-03-22,26.9,1.8,83,4.876637386458019,1.15,5.608132994426722,1.8,3.808132994426722,6.346888324044537
2024-03-23,28.4,0.0,79,3.1524044693103024,1.15,3.6252651397068476,0.0,3.6252651397068476,6.042108566178079
2024-03-24,27.4,3.3,84,4.212409617635287,1.15,4.84427106028058,3.3,1.5442710602805798,2.5737851004676333
2024-03-25,26.4,134.0,88,4.108724307427109,1.15,4.7250329535411755,93.8,0.0,0.0
2024-03-26,26.6,27.8,86,3.802677284995016,1.15,4.373078877744268,19.46,0.0,0.0
2024-03-27,25.5,42.8,90,3.9703317587668043,1.15,4.565881522581825,29.959999999999997,0.0,0.0
2024-03-28,27.0,1.1,82,4.359250427717619,1.15,5.013137991875261,1.1,3.9131379918752613,6.521896653125435
2024-03-29,26.3,5.9,86,4.633813527639323,1.15,5.328885556785221,4.720000000000001,0.6088855567852205,1.014809261308701
2024-03-30,26.9,72.5,89,4.169029364523426,1.15,4.794383769201939,50.75,0.0,0.0
2024-03-31,26.9,71.4,88,4.005340099942474,1.15,4.606141114933845,49.980000000000004,0.0,0.0
2024-04-01,26.5,39.0,87,4.094914048027645,1.15,4.709151155231791,27.299999999999997,0.0,0.0
2024-04-02,27.5,20.8,87,4.025530344520274,1.15,4.629359896198316,14.559999999999999,0.0,0.0
2024-04-03,26.5,37.5,90,3.7031604270676755,1.15,4.258634491127826,26.25,0.0,0.0
2024-04-04,27.8,7.1,84,3.294442000007997,1.15,3.788608300009196,5.68,0.0,0.0
2024-04-05,28.5,1.3,78,4.393977457554823,1.15,5.053074076188046,1.3,3.753074076188046,6.25512346031341
2024-04-06,28.0,24.36666666666667,83,3.4389493412910768,1.15,3.954791742484738,17.05666666666667,0.0,0.0
2024-04-07,28.0,47.43333333333333,77,4.249449887394039,1.15,4.886867370503145,33.203333333333326,0.0,0.0
2024-04-08,28.1,70.5,78,5.162410213222159,1.15,5.9367717452054825,49.349999999999994,0.0,0.0
2024-04-09,27.3,35.25,83,3.7494078006649225,1.15,4.31181897076466,24.674999999999997,0.0,0.0
2024-04-10,27.5,0.0,82,3.437138439612628,1.15,3.952709205554522,0.0,3.952709205554522,6.587848675924203
2024-04-11,27.8,0.2,83,4.2846600194269655,1.15,4.92735902234101,0.2,4.72735902234101,7.878931703901683
2024-04-12,25.7,20.1,92,4.379712167932154,1.15,5.036668993121976,14.07,0.0,0.0
2024-04-13,27.4,20.2,83,3.2182198733903484,1.15,3.7009528543989005,14.139999999999999,0.0,0.0
2024-04-14,26.7,40.9,88,4.269406064931201,1.15,4.909816974670881,28.629999999999995,0.0,0.0
2024-04-15,28.1,27.2,83,3.8475174737947118,1.15,4.424645094863918,19.04,0.0,0.0
2024-04-16,28.6,0.0,80,4.246334590145477,1.15,4.883284778667298,0.0,4.883284778667298,8.138807964445498
2024-04-17,27.1,0.8,85,4.713959467570275,1.15,5.421053387705816,0.8,4.621053387705816,7.70175564617636
2024-04-18,26.8,42.1,86,3.9682049110178563,1.15,4.563435647670534,29.47,0.0,0.0
2024-04-19,26.3,52.5,89,3.9466388332121345,1.15,4.5386346581939545,36.75,0.0,0.0
2024-04-20,27.9,24.4,81,3.6065461971110917,1.15,4.147528126677755,17.08,0.0,0.0
2024-04-21,26.4,0.0,91,4.15932017488184,1.15,4.783218201114115,0.0,4.783218201114115,7.972030335190192
2024-04-22,28.0,1.0,82,2.8144365071457496,1.15,3.2366019832176116,1.0,2.2366019832176116,3.7276699720293527
2024-04-23,26.6,31.9,89,4.3088790207440315,1.15,4.955210873855636,22.33,0.0,0.0
2024-04-24,27.2,73.0,88,2.9358579512876526,1.15,3.3762366439808003,51.099999999999994,0.0,0.0
2024-04-25,26.4,31.0,89,2.5863709370063486,1.15,2.9743265775573007,21.7,0.0,0.0
2024-04-26,27.1,71.9,87,2.8362112038128857,1.15,3.2616428843848184,50.33,0.0,0.0
2024-04-27,27.2,0.8,85,3.8195931770543825,1.15,4.39253215361254,0.8,3.59253215361254,5.987553589354233
2024-04-28,27.5,0.0,86,3.655826012689201,1.15,4.204199914592581,0.0,4.204199914592581,7.006999857654303
2024-04-29,28.8,4.0,82,3.9110277693552984,1.15,4.497681934758593,4.0,0.49768193475859324,0.8294698912643221
2024-04-30,27.9,0.1,84,4.324675090253668,1.15,4.973376353791718,0.1,4.873376353791718,8.122293922986197
2024-05-01,27.4,86.7,90,3.5809882898293,1.15,4.118136533303695,60.69,0.0,0.0
2024-05-02,27.3,17.5,88,2.961028242084898,0.95,2.812976829980653,12.25,0.0,0.0
2024-05-03,27.3,17.8,86,3.4383079223101687,0.95,3.26639252619466,12.459999999999999,0.0,0.0
2024-05-04,26.4,27.5,87,3.811884656397524,0.95,3.6212904235776477,19.25,0.0,0.0
2024-05-05,27.7,9.2,79,4.0008871582076555,0.95,3.8008428002972727,7.359999999999999,0.0,0.0
2024-05-06,27.5,7.399999999999999,79,4.566848874687454,0.95,4.338506430953081,5.919999999999999,0.0,0.0
2024-05-07,28.3,5.6,78,4.569379700148699,0.95,4.340910715141264,4.4799999999999995,0.0,0.0
2024-05-08,27.5,3.8,81,4.581442852399959,0.95,4.352370709779961,3.8,0.5523707097799608,0.9206178496332681
2024-05-09,28.2,2.0,79,4.219636390405109,0.95,4.008654570884853,2.0,2.008654570884853,3.347757618141422
2024-05-10,28.9,0.1,77,4.2953792868835885,0.95,4.080610322539409,0.1,3.9806103225394085,6.634350537565681
2024-05-11,27.4,0.85,84,4.483351513770095,0.95,4.2591839380815895,0.85,3.4091839380815894,5.681973230135982
2024-05-12,28.6,1.6,78,4.189684728851887,0.95,3.9802004924092924,1.6,2.3802004924092923,3.967000820682154
2024-05-13,27.6,16.55,83,3.888383746787858,0.95,3.6939645594484647,11.584999999999999,0.0,0.0
2024-05-14,26.6,31.5,88,3.6224767393490036,0.95,3.4413529023815532,22.049999999999997,0.0,0.0
2024-05-15,28.7,0.9,75,3.019407940201562,0.95,2.868437543191484,0.9,1.968437543191484,3.2807292386524733
2024-05-16,26.8,0.8,86,4.034564290869038,0.95,3.8328360763255858,0.8,3.0328360763255855,5.054726793875976
2024-05-17,26.9,109.3,85,3.682668605220426,0.95,3.4985351749594042,76.50999999999999,0.0,0.0
2024-05-18,27.2,8.7,83,3.540933844801552,0.95,3.363887152561474,6.96,0.0,0.0
2024-05-19,26.8,38.8,88,3.749241587424212,0.95,3.561779508053001,27.159999999999997,0.0,0.0
2024-05-20,27.4,32.7,83,3.7127405223633563,0.95,3.5271034962451884,22.89,0.0,0.0
2024-05-21,27.9,17.45,83,3.2896034700954444,0.95,3.125123296590672,12.214999999999998,0.0,0.0
2024-05-22,28.2,2.2,81,3.793262170030656,0.95,3.603599061529123,2.2,1.403599061529123,2.339331769215205
2024-05-23,27.0,1.25,87,3.037693960102051,0.95,2.8858092620969487,1.25,1.6358092620969487,2.7263487701615814
2024-05-24,26.2,0.3,89,2.928969919146538,0.95,2.782521423189211,0.3,2.482521423189211,4.137535705315352
2024-05-25,25.6,146.6,93,2.4796105166038584,0.95,2.3556299907736653,102.61999999999999,0.0,0.0
2024-05-26,27.6,2.5,84,3.438881784538272,0.95,3.2669376953113582,2.5,0.7669376953113582,1.2782294921855972
2024-05-27,27.8,2.4,80,3.4571468919467354,0.95,3.2842895473493985,2.4,0.8842895473493986,1.4738159122489978
2024-05-28,28.3,2.3,81,3.981683166099837,0.95,3.782599007794845,2.3,1.4825990077948452,2.470998346324742
2024-05-29,28.5,5.4,79,3.8069713285303073,0.95,3.6166227621037916,4.32,0.0,0.0
2024-05-30,27.8,8.5,80,4.19992009019406,0.95,3.9899240856843567,6.800000000000001,0.0,0.0
2024-05-31,27.7,11.6,82,4.227854171129523,0.95,4.016461462573046,8.12,0.0,0.0
2024-06-01,26.4,0.2,89,3.8160989939769894,0.95,3.6252940442781396,0.2,3.4252940442781394,5.708823407130232
2024-06-02,27.4,23.3,86,2.4294935122591945,0.95,2.3080188366462346,16.31,0.0,0.0
2024-06-03,26.3,9.8,91,2.563809306410584,0.95,2.4356188410900548,7.840000000000001,0.0,0.0
2024-06-04,27.0,16.5,83,2.550198163950639,0.95,2.4226882557531066,11.549999999999999,0.0,0.0
2024-06-05,27.7,0.8,79,3.6000308757675743,0.95,3.4200293319791952,0.8,2.620029331979195,4.366715553298659
2024-06-06,28.2,0.0,76,4.439511139260304,0.95,4.217535582297288,0.0,4.217535582297288,7.029225970495481
2024-06-07,27.5,0.0,77,4.1023961406366425,0.95,3.89727633360481,0.0,3.89727633360481,6.495460556008017
2024-06-08,27.7,0.3333333333333333,79,4.452585035158059,0.95,4.229955783400156,0.3333333333333333,3.8966224500668223,6.49437075011137
2024-06-09,26.8,0.6666666666666666,82,4.1969551578091515,0.95,3.9871073999186937,0.6666666666666666,3.320440733252027,5.534067888753379
2024-06-10,27.8,1.0,80,4.1931374064136655,0.95,3.983480536092982,1.0,2.983480536092982,4.97246756015497
2024-06-11,26.3,18.8,87,4.101395661388023,0.95,3.8963258783186214,13.16,0.0,0.0
2024-06-12,25.9,11.2,86,3.0036745770349964,0.95,2.8534908481832466,7.839999999999999,0.0,0.0
2024-06-13,27.4,32.5,84,3.336956189838639,0.95,3.170108380346707,22.75,0.0,0.0
2024-06-14,27.0,0.6,84,3.5804230139004907,0.95,3.401401863205466,0.6,2.801401863205466,4.669003105342443
2024-06-15,27.5,35.0,83,3.8094529290230383,0.95,3.6189802825718864,24.5,0.0,0.0
2024-06-16,26.7,0.5,90,3.331634439186278,0.95,3.1650527172269642,0.5,2.6650527172269642,4.441754528711607
2024-06-17,27.6,24.0,83,2.8320239793461215,0.95,2.690422780378815,16.799999999999997,0.0,0.0
2024-06-18,26.4,12.0,85,3.714585632794641,0.95,3.528856351154909,8.399999999999999,0.0,0.0
2024-06-19,27.6,0.0,78,3.065414552917362,0.95,2.9121438252714937,0.0,2.9121438252714937,4.853573042119156
2024-06-20,27.5,0.2,72,4.399833438112017,0.95,4.179841766206416,0.2,3.979841766206416,6.633069610344027
2024-06-21,27.1,0.4,79,4.411921667880904,0.95,4.191325584486859,0.4,3.791325584486859,6.318875974144765
2024-06-22,27.1,0.6,78,4.250261855276937,0.95,4.037748762513091,0.6,3.4377487625130905,5.729581270855151
2024-06-23,27.4,0.0,72,4.159470634461928,0.95,3.9514971027388315,0.0,3.9514971027388315,6.585828504564719
2024-06-24,28.0,1.866666666666666,75,4.451404346623502,0.95,4.228834129292326,1.866666666666666,2.36216746262566,3.9369457710427667
2024-06-25,26.1,3.733333333333333,83,3.879053633478124,0.95,3.6851009518042175,3.733333333333333,0.0,0.0
2024-06-26,27.6,5.6,78,2.995689461960112,0.95,2.8459049888621064,4.4799999999999995,0.0,0.0
2024-06-27,26.9,5.199999999999999,84,3.9279958764954617,0.95,3.731596082670688,4.159999999999999,0.0,0.0
2024-06-28,27.2,4.8,84,3.7069975034039904,0.95,3.5216476282337905,4.8,0.0,0.0
2024-06-29,25.0,0.5,90,3.336462130260094,0.95,3.169639023747089,0.5,2.669639023747089,4.449398372911815
2024-06-30,27.4,38.2,81,3.070721391973055,0.95,2.917185322374402,26.740000000000002,0.0,0.0
2024-07-01,26.5,25.25,86,4.000489567267487,0.95,3.8004650889041125,17.674999999999997,0.0,0.0
2024-07-02,26.4,12.3,86,3.818604171183689,0.95,3.6276739626245047,8.61,0.0,0.0
2024-07-03,25.6,7.15,85,3.2377690822422025,0.95,3.075880628130092,5.720000000000001,0.0,0.0
2024-07-04,25.2,2.0,89,3.5760503435695865,0.95,3.3972478263911072,2.0,1.3972478263911072,2.328746377318512
2024-07-05,26.2,28.6,85,3.140421492156544,0.95,2.9834004175487165,20.02,0.0,0.0
2024-07-06,23.4,3.4,94,2.6242943257040325,0.95,2.4930796094188308,3.4,0.0,0.0
2024-07-07,26.4,39.3,84,2.4939256454459175,0.95,2.3692293631736216,27.509999999999998,0.0,0.0
2024-07-08,26.5,42.84999999999999,82,3.3440823020587387,0.95,3.176878186955802,29.99499999999999,0.0,0.0
2024-07-09,26.6,46.4,80,4.022055195518725,0.95,3.820952435742788,32.48,0.0,0.0
2024-07-10,26.2,0.0,82,3.68071546125197,0.95,3.4966796881893716,0.0,3.4966796881893716,5.82779948031562
2024-07-11,25.8,0.0,84,3.354598360863885,0.95,3.186868442820691,0.0,3.186868442820691,5.311447404701152
2024-07-12,26.7,2.0,73,4.246200199027344,0.95,4.033890189075977,2.0,2.0338901890759766,3.3898169817932944
2024-07-13,24.9,0.0,78,3.9460522375100058,0.95,3.748749625634505,0.0,3.748749625634505,6.247916042724175
2024-07-14,25.2,0.0,77,4.02255358185905,0.95,3.8214259027660975,0.0,3.8214259027660975,6.36904317127683
2024-07-15,25.2,0.0,73,4.120939396885141,0.95,3.9148924270408836,0.0,3.9148924270408836,6.524820711734806
2024-07-16,25.8,0.0,76,4.1782461790606815,0.95,3.969333870107647,0.0,3.969333870107647,6.615556450179412
2024-07-17,26.1,0.0,79,4.024953683375497,0.95,3.8237059992067217,0.0,3.8237059992067217,6.372843332011203
2024-07-18,26.7,0.2,80,3.8780363608469655,0.95,3.684134542804617,0.2,3.484134542804617,5.806890904674361
2024-07-19,26.8,1.0,78,4.005272622657609,0.95,3.805008991524728,1.0,2.805008991524728,4.675014985874547
2024-07-20,26.7,0.0,77,4.241211971283563,0.95,4.029151372719385,0.0,4.029151372719385,6.715252287865642
2024-07-21,26.5,3.0,78,4.179323544585569,0.95,3.97035736735629,3.0,0.9703573673562902,1.6172622789271505
2024-07-22,26.8,0.0,76,4.265729273120287,0.95,4.052442809464273,0.0,4.052442809464273,6.754071349107122
2024-07-23,26.4,0.0,74,4.303580032463529,0.95,4.088401030840353,0.0,4.088401030840353,6.814001718067255
2024-07-24,26.1,0.0,74,4.308986591504426,0.95,4.093537261929204,0.0,4.093537261929204,6.822562103215341
2024-07-25,27.0,0.0,75,4.333380661608165,0.95,4.1167116285277565,0.0,4.1167116285277565,6.861186047546261
2024-07-26,27.1,0.2,77,4.021191316126567,0.95,3.8201317503202383,0.2,3.620131750320238,6.033552917200397
2024-07-27,28.1,0.0,73,4.349782324022452,0.95,4.132293207821329,0.0,4.132293207821329,6.887155346368882
2024-07-28,27.1,0.0,75,4.420553604583538,0.95,4.199525924354361,0.0,4.199525924354361,6.999209873923935
2024-07-29,27.1,0.0,71,4.421967763848728,0.95,4.200869375656291,0.0,4.200869375656291,7.001448959427152
2024-07-30,27.3,0.0,74,4.492190321527887,0.95,4.267580805451493,0.0,4.267580805451493,7.1126346757524885
2024-07-31,27.3,0.0,73,4.5144775083692785,0.95,4.288753632950814,0.0,4.288753632950814,7.147922721584691
2024-08-01,25.9,0.0,85,4.144411913012431,0.95,3.937191317361809,0.0,3.937191317361809,6.561985528936349
2024-08-02,25.1,48.8,86,3.3309110585453294,0.95,3.1643655056180626,34.16,0.0,0.0
2024-08-03,26.0,38.0,86,3.6742881189265595,0.95,3.4905737129802312,26.599999999999998,0.0,0.0
2024-08-04,26.4,11.7,82,3.591108144814286,0.95,3.4115527375735715,8.19,0.0,0.0
2024-08-05,26.4,0.0,79,4.130346310262699,0.95,3.9238289947495644,0.0,3.9238289947495644,6.539714991249274
2024-08-06,26.8,0.0,79,4.197675732129096,0.95,3.987791945522641,0.0,3.987791945522641,6.6463199092044025
2024-08-07,26.4,0.0,78,4.3224709611780785,0.95,4.106347413119174,0.0,4.106347413119174,6.843912355198624
2024-08-08,26.7,0.0,77,3.9880476605687987,0.95,3.7886452775403585,0.0,3.7886452775403585,6.314408795900598
2024-08-09,27.4,0.0,76,3.4880452470726198,0.95,3.3136429847189888,0.0,3.3136429847189888,5.522738307864982
2024-08-10,27.7,0.0,76,4.609366780163012,0.95,4.3788984411548615,0.0,4.3788984411548615,7.298164068591436
2024-08-11,27.7,0.2,76,4.3152814471129455,0.95,4.099517374757298,0.2,3.8995173747572975,6.4991956245954965
2024-08-12,26.9,0.8,65,4.782898990383504,0.95,4.543754040864329,0.8,3.743754040864329,6.239590068107215
2024-08-13,26.7,0.0,71,4.643861854726266,0.95,4.411668761989953,0.0,4.411668761989953,7.352781269983255
2024-08-14,27.0,0.0,71,4.731615921008846,0.95,4.495035124958403,0.0,4.495035124958403,7.491725208264006
2024-08-15,27.1,0.0,75,4.603832818065853,0.95,4.37364117716256,0.0,4.37364117716256,7.2894019619376005
2024-08-16,26.7,0.0,75,4.636637566845766,0.95,4.404805688503478,0.0,4.404805688503478,7.341342814172464
2024-08-17,25.3,0.2,83,4.358729150637655,0.95,4.140792693105772,0.2,3.940792693105772,6.567987821842953
2024-08-18,27.7,0.4,75,3.925762538464701,0.95,3.729474411541466,0.4,3.329474411541466,5.549124019235777
2024-08-19,25.4,0.0,83,4.3862743303821645,0.95,4.166960613863056,0.0,4.166960613863056,6.944934356438427
2024-08-20,27.5,0.0,76,4.660667984952801,0.95,4.427634585705161,0.0,4.427634585705161,7.3793909761752685
2024-08-21,27.7,0.0,76,4.6341255022719485,0.95,4.402419227158351,0.0,4.402419227158351,7.3373653785972515
2024-08-22,27.1,0.0,76,4.46033841979108,0.95,4.237321498801526,0.0,4.237321498801526,7.062202498002543
2024-08-23,27.0,1.0,83,4.117596680189471,0.95,3.911716846179997,1.0,2.911716846179997,4.852861410299995
2024-08-24,25.5,5.0,82,3.865996280070194,0.95,3.672696466066684,4.0,0.0,0.0
2024-08-25,26.8,13.2,74,4.415947455668053,0.95,4.19515008288465,9.239999999999998,0.0,0.0
2024-08-26,27.0,0.0,77,4.663721575460979,0.95,4.43053549668793,0.0,4.43053549668793,7.384225827813217
2024-08-27,27.0,0.0,78,4.525120604241703,0.95,4.298864574029618,0.0,4.298864574029618,7.164774290049363
2024-08-28,26.5,0.25,74,4.6647971284303456,0.95,4.431557272008828,0.25,4.181557272008828,6.969262120014713
2024-08-29,27.0,0.5,78,3.9332180668068686,0.95,3.736557163466525,0.5,3.236557163466525,5.3942619391108755
2024-08-30,26.7,0.2,76,3.713084699794665,0.95,3.5274304648049317,0.2,3.3274304648049315,5.545717441341552
2024-08-31,27.0,2.9,75,4.746762835825971,0.95,4.509424694034672,2.9,1.6094246940346717,2.682374490057786
2024-09-01,27.7,0.0,75,4.925964859349219,0.95,4.679666616381758,0.0,4.679666616381758,7.799444360636264
2024-09-02,27.5,0.0,79,4.47591149046821,0.95,4.252115915944799,0.0,4.252115915944799,7.086859859907999
2024-09-03,26.6,31.5,80,4.658739716836304,0.95,4.425802730994488,22.049999999999997,0.0,0.0
2024-09-04,27.6,0.0,71,4.932480895612949,0.95,4.685856850832302,0.0,4.685856850832302,7.809761418053837
2024-09-05,26.4,0.2,82,4.379398233337242,0.95,4.16042832167038,0.2,3.9604283216703795,6.600713869450633
2024-09-06,27.4,10.7,76,4.267619418828653,0.95,4.05423844788722,7.489999999999999,0.0,0.0
2024-09-07,27.7,0.0,74,5.015307554935804,0.95,4.764542177189013,0.0,4.764542177189013,7.940903628648356
2024-09-08,27.8,0.0,75,4.980534741741423,0.95,4.731508004654352,0.0,4.731508004654352,7.885846674423921
2024-09-09,25.3,0.0,88,4.3516853765286525,0.95,4.13410110770222,0.0,4.13410110770222,6.890168512837033
2024-09-10,25.1,44.4,89,3.4101118392718863,0.95,3.239606247308292,31.08,0.0,0.0
2024-09-11,26.4,83.6,83,4.316603785615149,0.95,4.100773596334391,58.51999999999999,0.0,0.0
2024-09-12,26.1,0.0,83,3.6104669821441564,0.95,3.4299436330369484,0.0,3.4299436330369484,5.716572721728247
2024-09-13,26.2,84.2,86,3.7544451033751267,0.95,3.5667228482063704,58.94,0.0,0.0
2024-09-14,26.7,0.2,78,4.617005935296567,0.95,4.386155638531738,0.2,4.186155638531738,6.976926064219564
2024-09-15,26.9,0.0,73,4.980271873185622,0.95,4.73125827952634,0.0,4.73125827952634,7.885430465877234
2024-09-16,26.5,0.0,75,4.85084156943435,0.95,4.608299490962633,0.0,4.608299490962633,7.680499151604389
2024-09-17,26.4,0.0,67,5.185160706759906,0.95,4.925902671421911,0.0,4.925902671421911,8.209837785703185
2024-09-18,26.4,0.0,70,5.078804593455135,0.95,4.824864363782377,0.0,4.824864363782377,8.041440606303963
2024-09-19,27.1,0.0,70,5.061456868831865,0.95,4.808384025390271,0.0,4.808384025390271,8.013973375650453
2024-09-20,27.2,0.0,73,5.039524422533056,0.95,4.787548201406403,0.0,4.787548201406403,7.979247002344005
2024-09-21,27.1,0.0,74,5.08572031580045,0.95,4.831434300010427,0.0,4.831434300010427,8.05239050001738
2024-09-22,28.2,0.0,76,5.061620455297259,0.95,4.808539432532396,0.0,4.808539432532396,8.014232387553994
2024-09-23,27.7,20.4,82,4.734530643532134,0.95,4.497804111355527,14.279999999999998,0.0,0.0
2024-09-24,25.9,1.5,90,3.035312255067508,0.95,2.883546642314132,1.5,1.383546642314132,2.3059110705235537
2024-09-25,26.3,1.7,81,3.2138036407085946,0.95,3.0531134586731645,1.7,1.3531134586731646,2.2551890977886075
2024-09-26,25.8,56.9,84,4.266720829004432,0.95,4.05338478755421,39.83,0.0,0.0
2024-09-27,26.6,4.5,81,4.284416685338217,0.95,4.070195851071306,4.5,0.0,0.0
2024-09-28,27.0,8.6,82,4.597827611713524,0.95,4.367936231127848,6.88,0.0,0.0
2024-09-29,26.4,43.0,85,3.9252867177033757,0.95,3.729022381818207,30.099999999999998,0.0,0.0
2024-09-30,27.3,11.3,77,4.777716293816526,0.95,4.538830479125699,7.91,0.0,0.0
2024-10-01,27.2,0.0,77,4.8445613307524535,0.95,4.60233326421483,0.0,4.60233326421483,7.670555440358051
2024-10-02,28.2,0.0,78,5.024619808921327,0.95,4.77338881847526,0.0,4.77338881847526,7.9556480307921
2024-10-03,27.0,22.0,85,4.697084396647671,0.95,4.462230176815288,15.399999999999999,0.0,0.0
2024-10-04,25.7,0.0,86,3.861529202072348,0.95,3.6684527419687307,0.0,3.6684527419687307,6.114087903281218
2024-10-05,25.6,89.8,88,4.289118386792989,0.95,4.074662467453339,62.85999999999999,0.0,0.0
2024-10-06,27.2,84.5,81,4.282648377900623,0.95,4.068515959005591,59.15,0.0,0.0
2024-10-07,27.4,0.0,74,4.416429971703257,0.95,4.195608473118094,0.0,4.195608473118094,6.992680788530157
2024-10-08,26.6,0.0,80,4.79577120018074,0.95,4.5559826401717025,0.0,4.5559826401717025,7.593304400286171
2024-10-09,27.2,1.2,82,3.964913979213154,0.95,3.766668280252496,1.2,2.566668280252496,4.277780467087493
2024-10-10,27.1,3.5,79,4.991782969282348,0.95,4.742193820818231,3.5,1.2421938208182306,2.070323034697051
2024-10-11,27.5,14.2,79,4.977888474696258,0.95,4.728994050961445,9.94,0.0,0.0
2024-10-12,28.3,0.0,77,4.882777108251227,0.95,4.638638252838665,0.0,4.638638252838665,7.7310637547311085
2024-10-13,27.0,0.0,84,4.598238813749139,0.95,4.368326873061681,0.0,4.368326873061681,7.280544788436136
2024-10-14,26.0,65.7,88,3.8307824325623163,0.95,3.6392433109342,45.99,0.0,0.0
2024-10-15,25.8,60.3,89,4.100097316027629,0.95,3.8950924502262474,42.209999999999994,0.0,0.0
2024-10-16,26.9,105.6,78,4.35301882149555,0.95,4.135367880420772,73.91999999999999,0.0,0.0
2024-10-17,26.2,0.0,67,5.247705385687852,0.95,4.985320116403459,0.0,4.985320116403459,8.308866860672433
2024-10-18,27.1,0.0,71,5.115137909456135,0.95,4.859381013983328,0.0,4.859381013983328,8.098968356638881
2024-10-19,27.6,0.0,74,5.018812585432647,0.95,4.767871956161014,0.0,4.767871956161014,7.946453260268357
2024-10-20,27.8,0.0,71,5.234831233014033,0.95,4.973089671363331,0.0,4.973089671363331,8.288482785605552
2024-10-21,27.6,0.0,69,5.4340816447219185,0.95,5.162377562485823,0.0,5.162377562485823,8.603962604143039
2024-10-22,27.1,0.0,73,5.264668051576064,0.95,5.00143464899726,0.0,5.00143464899726,8.335724414995434
2024-10-23,28.7,0.0,75,5.141083776786243,0.95,4.884029587946931,0.0,4.884029587946931,8.140049313244885
2024-10-24,28.8,0.0,75,5.292483794220174,0.95,5.027859604509165,0.0,5.027859604509165,8.379766007515276
2024-10-25,28.2,8.3,79,4.847809194051112,0.95,4.605418734348556,6.640000000000001,0.0,0.0
2024-10-26,28.1,0.0,72,5.378381545691613,0.95,5.109462468407032,0.0,5.109462468407032,8.515770780678388
2024-10-27,28.2,0.0,75,5.181804604008447,0.95,4.922714373808025,0.0,4.922714373808025,8.204523956346709
2024-10-28,27.5,3.5,80,4.620699471007278,0.95,4.389664497456914,3.5,0.8896644974569137,1.4827741624281896
2024-10-29,27.2,13.3,83,4.797212617026675,0.95,4.557351986175341,9.31,0.0,0.0
2024-10-30,27.2,11.5,82,4.94883237575773,0.95,4.701390756969843,8.049999999999999,0.0,0.0
2024-10-31,26.2,10.2,85,4.764883886775062,0.95,4.526639692436309,7.139999999999999,0.0,0.0
2024-11-01,27.1,17.0,80,4.962689584325603,0.95,4.714555105109323,11.899999999999999,0.0,0.0
2024-11-02,27.0,0.0,82,4.144144085348862,0.95,3.9369368810814187,0.0,3.9369368810814187,6.561561468469032
2024-11-03,26.2,34.4,83,3.95574101687029,0.95,3.757953966026775,24.08,0.0,0.0
2024-11-04,26.4,29.2,82,3.676364487224117,0.95,3.492546262862911,20.439999999999998,0.0,0.0
2024-11-05,26.4,7.6,86,3.637062772766459,0.95,3.4552096341281358,6.08,0.0,0.0
2024-11-06,26.7,60.5,80,4.251316494563719,0.95,4.038750669835533,42.349999999999994,0.0,0.0
2024-11-07,26.1,0.0,84,3.6950257854073882,0.95,3.5102744961370185,0.0,3.5102744961370185,5.850457493561698
2024-11-08,27.8,70.6,80,4.461597530402436,0.95,4.238517653882314,49.419999999999995,0.0,0.0
2024-11-09,26.9,54.23333333333333,84,4.841136352931209,0.95,4.599079535284648,37.963333333333324,0.0,0.0
2024-11-10,26.4,37.86666666666667,84,4.102698954171582,0.95,3.8975640064630026,26.506666666666664,0.0,0.0
2024-11-11,25.4,21.5,90,3.5585917304550025,0.95,3.3806621439322524,15.049999999999999,0.0,0.0
2024-11-12,26.4,86.7,86,3.156206320729678,0.95,2.998396004693194,60.69,0.0,0.0
2024-11-13,27.8,0.1,77,4.571045231886133,0.95,4.3424929702918265,0.1,4.242492970291827,7.070821617153045
2024-11-14,27.5,0.0,84,4.793089485616527,0.95,4.5534350113357,0.0,4.5534350113357,7.589058352226167
2024-11-15,27.5,59.6,84,4.556335661933136,0.95,4.328518878836479,41.72,0.0,0.0
2024-11-16,26.0,10.4,93,3.457672000142544,0.95,3.2847884001354166,7.279999999999999,0.0,0.0
2024-11-17,26.4,14.7,87,3.126698622177454,0.95,2.9703636910685813,10.29,0.0,0.0
2024-11-18,26.1,14.7,89,4.250744079933508,0.95,4.038206875936832,10.29,0.0,0.0
2024-11-19,26.7,14.4,83,4.5967187285744115,0.95,4.366882792145691,10.08,0.0,0.0
2024-11-20,26.6,59.7,83,4.7707082268030545,0.95,4.532172815462902,41.79,0.0,0.0
2024-11-21,27.1,24.1,85,4.618044496056115,0.95,4.387142271253309,16.87,0.0,0.0
2024-11-22,26.7,15.8,88,4.315513170407427,0.95,4.099737511887056,11.06,0.0,0.0
2024-11-23,26.8,6.6,85,4.022426669685629,0.95,3.8213053362013474,5.28,0.0,0.0
2024-11-24,26.6,3.7,88,4.165966015719141,0.95,3.9576677149331836,3.7,0.2576677149331834,0.4294461915553057
2024-11-25,27.2,11.5,84,3.74608478848246,0.95,3.5587805490583366,8.049999999999999,0.0,0.0
2024-11-26,27.5,0.7,81,4.131231822103311,0.95,3.9246702309981454,0.7,3.2246702309981456,5.374450384996909
2024-11-27,25.3,44.3,93,4.002645673744552,0.95,3.802513390057324,31.009999999999994,0.0,0.0
2024-11-28,26.2,72.1,86,3.285615475817317,0.95,3.1213347020264512,50.46999999999999,0.0,0.0
2024-11-29,26.9,0.5,81,3.525064128976014,0.95,3.348810922527213,0.5,2.848810922527213,4.7480182042120225
2024-11-30,27.6,0.0,79,3.59225733230129,0.95,3.4126444656862254,0.0,3.4126444656862254,5.687740776143709
2024-12-01,28.1,1.2,77,3.801598627547212,0.95,3.611518696169851,1.2,2.4115186961698507,4.0191978269497515
2024-12-02,26.4,0.8,86,4.3237540245141215,0.95,4.107566323288415,0.8,3.307566323288415,5.512610538814026
2024-12-03,26.0,15.8,85,2.960235488119276,0.95,2.812223713713312,11.06,0.0,0.0
2024-12-04,25.0,1.5,91,2.7994134568886997,0.95,2.6594427840442645,1.5,1.1594427840442645,1.9324046400737742
2024-12-05,25.1,3.9,90,3.05665201440997,0.95,2.903819413689471,3.9,0.0,0.0
2024-12-06,25.5,11.7,91,2.267736003580617,0.95,2.154349203401586,8.19,0.0,0.0
2024-12-07,26.9,0.1,88,3.456822085398864,0.95,3.2839809811289205,0.1,3.1839809811289204,5.306634968548201
2024-12-08,27.0,8.7,86,3.2191718158088647,0.95,3.0582132250184215,6.96,0.0,0.0
2024-12-09,24.8,2.2,96,2.381510317751545,0.95,2.262434801863968,2.2,0.06243480186396777,0.10405800310661295
2024-12-10,25.5,26.1,88,3.385346351458511,0.95,3.216079033885585,18.27,0.0,0.0
2024-12-11,27.1,27.7,77,3.078817037797663,0.95,2.9248761859077796,19.389999999999997,0.0,0.0
2024-12-12,27.4,10.7,72,4.143026378953794,0.95,3.9358750600061043,7.489999999999999,0.0,0.0
2024-12-13,28.0,9.399999999999999,73,3.527915583377851,0.95,3.3515198042089582,7.52,0.0,0.0
2024-12-14,25.7,8.1,87,3.495991624601623,0.95,3.321192043371542,6.48,0.0,0.0
2024-12-15,25.8,4.3,84,3.336131135299623,0.95,3.1693245785346416,4.3,0.0,0.0
2024-12-16,24.8,0.5,94,2.389063115827547,0.95,2.269609960036169,0.5,1.7696099600361692,2.9493499333936155
2024-12-17,26.8,20.0,84,3.8999530940270017,0.95,3.7049554393256514,14.0,0.0,0.0
2024-12-18,25.5,0.0,90,2.964357798316475,0.95,2.816139908400651,0.0,2.816139908400651,4.693566514001085
2024-12-19,24.9,5.3,91,2.3033004113597695,0.95,2.188135390791781,4.24,0.0,0.0
2024-12-20,25.2,18.1,91,3.382320090801807,0.95,3.2132040862617166,12.67,0.0,0.0
2024-12-21,26.4,14.8,88,2.908590227402215,0.95,2.7631607160321043,10.36,0.0,0.0
2024-12-22,25.6,10.9,93,2.44612591332189,0.95,2.3238196176557953,7.63,0.0,0.0
2024-12-23,25.7,13.5,89,2.6782433052441146,0.95,2.544331139981909,9.45,0.0,0.0
2024-12-24,25.5,9.9,88,3.263116955595096,0.95,3.099961107815341,7.920000000000001,0.0,0.0
2024-12-25,25.8,1.1,90,3.1704424778806772,0.95,3.011920353986643,1.1,1.911920353986643,3.186533923311072
2024-12-26,26.6,14.0,81,4.113289768773271,0.95,3.907625280334607,9.799999999999999,0.0,0.0
2024-12-27,26.4,0.0,84,2.773093381955788,0.95,2.6344387128579987,0.0,2.6344387128579987,4.390731188096665
2024-12-28,27.4,0.0,77,3.245342965896565,0.95,3.0830758176017365,0.0,3.0830758176017365,5.1384596960028945
2024-12-29,27.5,0.0,76,4.13463959810561,0.95,3.9279076182003294,0.0,3.9279076182003294,6.54651269700055
2024-12-30,25.8,0.6,81,3.351149339483751,0.95,3.183591872509563,0.6,2.583591872509563,4.305986454182605
2024-12-31,27.1,0.5,77,3.078457330304759,0.95,2.924534463789521,0.5,2.424534463789521,4.040890772982535
2025-01-01,26.3,0.0,83,3.444896948920891,0.95,3.2726521014748466,0.0,3.2726521014748466,5.454420169124744
2025-01-02,27.1,5.2,77,3.8128040859272936,0.95,3.6221638816309287,4.16,0.0,0.0
2025-01-03,27.0,0.0,80,4.815162977770779,0.95,4.57440482888224,0.0,4.57440482888224,7.624008048137067
2025-01-04,26.7,0.0,83,4.657298593544326,0.95,4.424433663867109,0.0,4.424433663867109,7.374056106445183
2025-01-05,27.2,1.6,78,4.1340799967331465,0.95,3.927375996896489,1.6,2.327375996896489,3.8789599948274818
2025-01-06,26.6,13.4,80,4.280760551285271,0.95,4.0667225237210065,9.379999999999999,0.0,0.0
2025-01-07,26.4,25.2,85,4.45564291111078,0.95,4.232860765555241,17.639999999999997,0.0,0.0
2025-01-08,27.0,26.1,85,4.240377440996706,0.95,4.028358568946871,18.27,0.0,0.0
2025-01-09,25.5,27.0,91,3.305062194637174,0.95,3.139809084905315,18.9,0.0,0.0
2025-01-10,26.7,2.0,86,2.6066197686574144,0.95,2.4762887802245435,2.0,0.47628878022454346,0.7938146337075724
2025-01-11,26.2,1.0,87,4.43227500240651,0.95,4.210661252286185,1.0,3.210661252286185,5.351102087143642
2025-01-12,26.6,7.0,80,4.184905175769514,0.95,3.975659916981038,5.6000000000000005,0.0,0.0
2025-01-13,26.3,10.13333333333333,84,3.276020322337902,0.95,3.112219306221007,7.09333333333333,0.0,0.0
2025-01-14,25.0,13.26666666666667,93,3.2248512770718185,0.95,3.0636087132182275,9.286666666666667,0.0,0.0
2025-01-15,26.7,16.4,84,2.877472417836933,0.95,2.733598796945086,11.479999999999999,0.0,0.0
2025-01-16,25.8,0.0,89,3.8764053239704372,0.95,3.6825850577719152,0.0,3.6825850577719152,6.1376417629531925
2025-01-17,26.3,2.6,89,2.6292338875845167,0.95,2.4977721932052908,2.6,0.0,0.0
2025-01-18,25.9,14.6,85,3.3165342456495557,0.95,3.1507075333670778,10.219999999999999,0.0,0.0
2025-01-19,25.6,3.4,87,2.657203367470449,0.95,2.5243431990969265,3.4,0.0,0.0
2025-01-20,25.4,57.8,89,3.638928822758759,0.95,3.4569823816208207,40.459999999999994,0.0,0.0
2025-01-21,25.5,5.2,93,2.3192488082114315,0.95,2.20328636780086,4.16,0.0,0.0
2025-01-22,25.6,21.4,87,2.5472365114832063,0.95,2.4198746859090456,14.979999999999999,0.0,0.0
2025-01-23,25.4,0.4,87,2.7094856606364925,0.95,2.5740113776046676,0.4,2.1740113776046677,3.6233522960077797
2025-01-24,24.4,4.1,96,2.7790709800438704,0.95,2.6401174310416766,4.1,0.0,0.0
2025-01-25,25.7,28.6,87,3.228903110160883,0.95,3.0674579546528387,20.02,0.0,0.0
2025-01-26,26.1,2.0,84,3.8523727165910295,0.95,3.659754080761478,2.0,1.659754080761478,2.76625680126913
2025-01-27,26.1,0.0,85,3.7698647090713484,0.95,3.581371473617781,0.0,3.581371473617781,5.968952456029635
2025-01-28,23.7,3.0,96,2.1330892916047355,0.95,2.0264348270244987,3.0,0.0,0.0
2025-01-29,25.3,21.6,88,2.790921732992777,0.95,2.651375646343138,15.12,0.0,0.0
2025-01-30,25.4,28.3,86,2.5026222661218633,0.95,2.37749115281577,19.81,0.0,0.0
2025-01-31,26.4,6.7,87,2.950850522704644,0.95,2.8033079965694117,5.36,0.0,0.0
2025-02-01,26.3,9.3,90,3.5597890793387768,0.95,3.381799625371838,7.440000000000001,0.0,0.0
2025-02-02,26.7,1.6,87,2.9945035837398843,0.95,2.84477840455289,1.6,1.24477840455289,2.074630674254817
2025-02-03,26.8,0.0,88,3.288652236924866,0.95,3.1242196250786223,0.0,3.1242196250786223,5.207032708464371
2025-02-04,25.7,0.0,88,2.85680238992156,0.95,2.713962270425482,0.0,2.713962270425482,4.523270450709137
2025-02-05,26.9,3.4,77,2.974389636229983,0.95,2.8256701544184835,3.4,0.0,0.0
2025-02-06,26.1,12.1,89,3.9522705798349174,0.95,3.7546570508431714,8.469999999999999,0.0,0.0
2025-02-07,26.5,1.1,88,2.8095479314465797,0.95,2.6690705348742507,1.1,1.5690705348742506,2.6151175581237514
2025-02-08,25.1,3.2,89,3.4505661206235763,0.95,3.2780378145923974,3.2,0.07803781459239723,0.13006302432066205
2025-02-09,26.2,2.8,88,2.982251126975004,0.95,2.8331385706262537,2.8,0.033138570626253916,0.05523095104375653
2025-02-10,26.8,2.4,88,3.251533488878886,0.95,3.0889568144349417,2.4,0.6889568144349418,1.1482613573915699
2025-02-11,27.2,0.0,84,3.3958226202367228,0.95,3.2260314892248867,0.0,3.2260314892248867,5.376719148708145
2025-02-12,26.9,0.0,78,4.6499511913789435,0.95,4.417453631809996,0.0,4.417453631809996,7.362422719683328
2025-02-13,27.4,0.0,80,5.05392727769695,0.95,4.801230913812102,0.0,4.801230913812102,8.002051523020171
2025-02-14,26.8,0.0,83,4.557153652034327,0.95,4.329295969432611,0.0,4.329295969432611,7.215493282387685
2025-02-15,26.2,0.4,87,3.8016848251612227,0.95,3.6116005839031615,0.4,3.2116005839031616,5.352667639838603
2025-02-16,26.2,0.2,85,3.8666988397478184,0.95,3.6733638977604275,0.2,3.4733638977604273,5.788939829600713
2025-02-17,25.0,0.7,90,3.773680337765189,0.95,3.5849963208769293,0.7,2.8849963208769296,4.80832720146155
2025-02-18,25.9,1.2,86,2.9214575038484303,0.95,2.7753846286560084,1.2,1.5753846286560085,2.625641047760014
2025-02-19,26.1,3.0,88,3.5110209178227474,0.95,3.33546987193161,3.0,0.3354698719316098,0.5591164532193498
2025-02-20,25.3,5.8,86,2.8817467656455698,0.95,2.7376594273632913,4.64,0.0,0.0
2025-02-21,26.5,6.0,84,4.263189931810035,0.95,4.050030435219533,4.800000000000001,0.0,0.0
2025-02-22,25.9,0.0,88,3.876329144463195,0.95,3.682512687240035,0.0,3.682512687240035,6.137521145400059
2025-02-23,25.3,1.0,90,2.6359544522419824,0.95,2.5041567296298832,1.0,1.5041567296298832,2.506927882716472
2025-02-24,25.4,1.7,89,3.1755896551580043,0.95,3.016810172400104,1.7,1.316810172400104,2.19468362066684
2025-02-25,25.9,45.1,88,3.3849978372543887,0.95,3.2157479453916693,31.57,0.0,0.0
2025-02-26,25.4,5.5,92,3.2132035142432516,0.95,3.052543338531089,4.4,0.0,0.0
2025-02-27,25.5,4.7,89,3.7938245012466405,0.95,3.6041332761843083,4.7,0.0,0.0
2025-02-28,25.8,41.0,89,3.699890744334483,0.95,3.5148962071177587,28.7,0.0,0.0
2025-03-01,26.3,19.6,85,4.291403924342599,0.95,4.076833728125469,13.72,0.0,0.0
2025-03-02,26.3,0.0,89,3.4746793353129517,0.95,3.300945368547304,0.0,3.300945368547304,5.501575614245507
2025-03-03,26.3,74.2,89,3.7939309668844414,0.95,3.6042344185402193,51.94,0.0,0.0
2025-03-04,25.6,53.8,90,4.0894916891872,0.95,3.88501710472784,37.66,0.0,0.0
2025-03-05,26.9,0.2,81,3.0439860287661737,0.95,2.891786727327865,0.2,2.6917867273278646,4.486311212213108
2025-03-06,26.1,0.0,86,4.705852139650079,0.95,4.470559532667575,0.0,4.470559532667575,7.450932554445958
2025-03-07,26.5,41.8,85,4.187471480376061,0.95,3.9780979063572577,29.259999999999994,0.0,0.0
2025-03-08,26.2,0.0,87,3.592764915790558,0.95,3.41312667000103,0.0,3.41312667000103,5.688544450001717
2025-03-09,25.9,11.7,89,3.8488106743117947,0.95,3.656370140596205,8.19,0.0,0.0
2025-03-10,24.6,7.4,91,3.4389579286567526,0.95,3.267010032223915,5.920000000000001,0.0,0.0
2025-03-11,26.6,0.2,84,3.109619965615731,0.95,2.954138967334944,0.2,2.754138967334944,4.5902316122249065
2025-03-12,27.1,26.0,85,3.8954651531573647,0.95,3.7006918954994963,18.2,0.0,0.0
2025-03-13,26.9,0.0,88,3.82330169085679,0.95,3.63213660631395,0.0,3.63213660631395,6.053561010523251
2025-03-14,25.7,46.4,89,3.783510482349572,0.95,3.594334958232093,32.48,0.0,0.0
2025-03-15,25.2,7.2,91,3.677131019738963,0.95,3.4932744687520145,5.760000000000001,0.0,0.0
2025-03-16,26.5,6.5,83,3.4655141159522915,0.95,3.2922384101546767,5.2,0.0,0.0
2025-03-17,25.0,68.45,94,3.171914026819669,0.95,3.0133183254786853,47.915,0.0,0.0
2025-03-18,26.2,130.4,89,3.203458992338246,0.95,3.0432860427213337,91.28,0.0,0.0
2025-03-19,26.3,5.2,81,3.0720349914871345,0.95,2.9184332419127776,4.16,0.0,0.0
2025-03-20,27.1,0.0,81,3.041334620084725,0.95,2.8892678890804886,0.0,2.8892678890804886,4.815446481800815
2025-03-21,27.4,0.0,80,4.091211801112866,0.95,3.886651211057223,0.0,3.886651211057223,6.477752018428705
2025-03-22,26.9,0.0,87,4.045922662161221,0.95,3.84362652905316,0.0,3.84362652905316,6.4060442150886
2025-03-23,26.9,0.5,82,3.14918431991741,0.95,2.991725103921539,0.5,2.491725103921539,4.152875173202565
2025-03-24,26.1,2.3,84,3.807533623511572,0.95,3.6171569423359933,2.3,1.3171569423359935,2.1952615705599894
2025-03-25,25.6,4.1,86,3.3638571123342262,0.95,3.1956642567175146,4.1,0.0,0.0
2025-03-26,25.5,2.85,92,3.134109310957477,0.95,2.977403845409603,2.85,0.12740384540960292,0.21233974234933822
2025-03-27,25.4,1.6,90,2.840389478880646,0.95,2.6983700049366135,1.6,1.0983700049366134,1.8306166748943558
2025-03-28,26.2,3.4,88,2.9244136394846154,0.95,2.7781929575103845,3.4,0.0,0.0
2025-03-29,26.2,6.4,85,2.9123532001611516,0.95,2.766735540153094,5.120000000000001,0.0,0.0
2025-03-30,27.2,0.2,84,3.4448982658310427,0.95,3.2726533525394905,0.2,3.0726533525394903,5.121088920899151
2025-03-31,26.8,0.0,85,4.100543276179673,0.95,3.895516112370689,0.0,3.895516112370689,6.492526853951149
2025-04-01,24.5,6.4,94,3.213526950281791,0.95,3.0528506027677014,5.120000000000001,0.0,0.0
2025-04-02,26.4,11.8,87,2.938183882073532,0.95,2.7912746879698553,8.26,0.0,0.0
2025-04-03,26.3,9.6,88,3.1610062317639644,0.95,3.0029559201757663,7.68,0.0,0.0
2025-04-04,26.9,4.6,84,4.300497150615691,0.95,4.085472293084906,4.6,0.0,0.0
2025-04-05,26.5,0.0,85,3.9416938455137096,0.95,3.744609153238024,0.0,3.744609153238024,6.241015255396707
2025-04-06,26.2,0.3,84,3.819642684583263,0.95,3.6286605503540996,0.3,3.3286605503541,5.5477675839235
2025-04-07,27.2,6.8,83,4.3485513345170075,0.95,4.1311237677911565,5.44,0.0,0.0
2025-04-08,26.8,0.1,81,4.656446268804033,0.95,4.423623955363832,0.1,4.323623955363832,7.206039925606387
2025-04-09,27.7,0.0,81,3.8999077548202954,0.95,3.7049123670792805,0.0,3.7049123670792805,6.174853945132134
2025-04-10,26.6,0.0,87,3.9618697986823252,0.95,3.763776308748209,0.0,3.763776308748209,6.272960514580348
2025-04-11,26.5,0.6,86,3.8267317828076113,0.95,3.6353951936672306,0.6,3.0353951936672305,5.058991989445384
2025-04-12,26.4,28.4,90,3.216401677066975,0.95,3.0555815932136263,19.88,0.0,0.0
2025-04-13,25.7,3.0,90,3.186377132487719,0.95,3.027058275863333,3.0,0.02705827586333287,0.04509712643888812
2025-04-14,26.6,2.6,85,3.066599006848679,0.95,2.913269056506245,2.6,0.31326905650624504,0.5221150941770751
2025-04-15,25.5,0.0,91,3.104671360820864,0.95,2.9494377927798205,0.0,2.9494377927798205,4.915729654633035
2025-04-16,25.9,3.2,86,3.7621262729283442,0.95,3.574019959281927,3.2,0.3740199592819269,0.6233665988032115
2025-04-17,27.1,6.8,87,2.7587061575632403,0.95,2.620770849685078,5.44,0.0,0.0
2025-04-18,26.8,0.0,86,2.4281538606262023,0.95,2.306746167594892,0.0,2.306746167594892,3.844576945991487
2025-04-19,27.1,0.0,84,3.31209444297734,0.95,3.146489720828473,0.0,3.146489720828473,5.244149534714121
2025-04-20,26.9,21.7,82,3.4860383931780285,0.95,3.311736473519127,15.189999999999998,0.0,0.0
2025-04-21,26.4,0.0,85,3.84658061058394,0.95,3.654251580054743,0.0,3.654251580054743,6.090419300091238
2025-04-22,27.0,0.0,82,2.5903697696544707,0.95,2.460851281171747,0.0,2.460851281171747,4.101418801952912
2025-04-23,26.5,0.0,83,3.9337288352567037,0.95,3.7370423934938684,0.0,3.7370423934938684,6.2284039891564476
2025-04-24,26.6,0.0,85,3.9222576112509815,0.95,3.726144730688432,0.0,3.726144730688432,6.210241217814054
2025-04-25,26.8,1.8,85,4.1542125287800955,0.95,3.9465019023410903,1.8,2.1465019023410905,3.5775031705684843
2025-04-26,26.7,3.6,89,3.625420077744805,0.95,3.4441490738575644,3.6,0.0,0.0
2025-04-27,26.9,36.9,87,3.8807191746394585,0.95,3.6866832159074856,25.83,0.0,0.0
2025-04-28,27.0,69.5,82,4.205245413907441,0.95,3.9949831432120693,48.65,0.0,0.0
2025-04-29,27.2,1.6,81,4.41606561366516,0.95,4.195262332981902,1.6,2.595262332981902,4.325437221636504
2025-04-30,26.2,0.0,87,4.156188807580567,0.95,3.9483793672015386,0.0,3.9483793672015386,6.580632278669231
2025-05-01,27.2,19.8,82,4.3472918986951825,0.95,4.129927303760423,13.86,0.0,0.0
2025-05-02,27.2,4.0,81,4.397191453785035,0.95,4.177331881095783,4.0,0.17733188109578268,0.2955531351596378
2025-05-03,26.7,0.0,85,4.278449181326388,0.95,4.0645267222600685,0.0,4.0645267222600685,6.774211203766781
2025-05-04,26.8,0.4,84,3.8875656708311888,0.95,3.6931873872896293,0.4,3.2931873872896293,5.488645645482716
2025-05-05,26.5,0.0,85,3.392090296873932,0.95,3.2224857820302355,0.0,3.2224857820302355,5.370809636717059
2025-05-06,26.6,32.4,87,4.1628265320411915,0.95,3.9546852054391315,22.679999999999996,0.0,0.0
2025-05-07,25.6,19.2,94,3.659151875673449,0.95,3.4761942818897764,13.44,0.0,0.0
2025-05-08,26.6,9.4,89,3.225752176956065,0.95,3.0644645681082614,7.5200000000000005,0.0,0.0
2025-05-09,27.0,55.2,87,3.3438094080101513,0.95,3.1766189376096436,38.64,0.0,0.0
2025-05-10,26.9,8.4,88,3.620611727001331,0.95,3.4395811406512644,6.720000000000001,0.0,0.0
2025-05-11,26.6,1.5,86,3.490286735618242,0.95,3.3157723988373298,1.5,1.8157723988373298,3.0262873313955496
2025-05-12,27.3,1.0,81,3.7774105329651064,0.95,3.588540006316851,1.0,2.588540006316851,4.314233343861419
2025-05-13,27.6,0.0,82,3.748708296149245,0.95,3.5612728813417824,0.0,3.5612728813417824,5.935454802236304
2025-05-14,26.1,22.3,88,3.071009253868924,0.95,2.917458791175478,15.61,0.0,0.0
2025-05-15,26.2,14.8,88,3.828989643359695,0.95,3.6375401611917098,10.36,0.0,0.0
2025-05-16,27.4,25.5,86,3.9573220457196614,0.95,3.7594559434336783,17.849999999999998,0.0,0.0
2025-05-17,26.7,3.8,86,3.303493649837485,0.95,3.1383189673456107,3.8,0.0,0.0
2025-05-18,27.6,1.0,82,3.8487189861328996,0.95,3.6562830368262547,1.0,2.6562830368262547,4.427138394710425
2025-05-19,26.2,0.3,87,3.989838562077896,0.95,3.790346633974001,0.3,3.490346633974001,5.817244389956668
2025-05-20,27.3,10.9,82,3.524132842447658,0.95,3.347926200325275,7.63,0.0,0.0
2025-05-21,26.2,1.2,90,3.069651288176213,0.95,2.9161687237674023,1.2,1.7161687237674024,2.860281206279004
2025-05-22,26.2,2.2,90,2.7035501770938817,0.95,2.5683726682391876,2.2,0.36837266823918746,0.6139544470653124
2025-05-23,25.1,3.2,93,2.1573509847229118,0.95,2.049483435486766,3.2,0.0,0.0
2025-05-24,26.8,10.7,85,3.506640547407086,0.95,3.3313085200367314,7.489999999999999,0.0,0.0
2025-05-25,26.6,0.2,89,3.117490990253626,0.95,2.9616164407409444,0.2,2.7616164407409443,4.602694067901574
2025-05-26,25.3,0.0,92,1.9738729423239592,0.95,1.875179295207761,0.0,1.875179295207761,3.1252988253462686
2025-05-27,27.2,1.4,78,2.671656850731402,0.95,2.5380740081948314,1.4,1.1380740081948315,1.8967900136580527
2025-05-28,28.1,0.0,78,4.269548025520212,0.95,4.056070624244201,0.0,4.056070624244201,6.760117707073669
2025-05-29,27.4,0.0,85,4.1076605197201035,0.95,3.9022774937340983,0.0,3.9022774937340983,6.503795822890164
2025-05-30,27.5,4.2,84,3.857721024163503,0.95,3.664834972955328,4.2,0.0,0.0
2025-05-31,26.3,0.2,84,4.02199474810682,0.95,3.820895010701479,0.2,3.620895010701479,6.034825017835798
2025-06-01,26.1,5.2,83,3.70615822658322,0.95,3.5208503152540587,4.16,0.0,0.0
2025-06-02,27.3,0.0,78,3.0665000807844747,0.95,2.913175076745251,0.0,2.913175076745251,4.855291794575418
2025-06-03,26.5,0.0,85,3.696542319259876,0.95,3.5117152032968817,0.0,3.5117152032968817,5.85285867216147
2025-06-04,27.1,0.0,81,3.474283373706532,0.95,3.300569205021205,0.0,3.300569205021205,5.5009486750353425
2025-06-05,27.0,0.0,83,3.9837865942837216,0.95,3.7845972645695354,0.0,3.7845972645695354,6.307662107615893
2025-06-06,26.6,8.0,87,3.3421590469518225,0.95,3.1750510946042314,6.4,0.0,0.0
2025-06-07,26.6,0.0,85,3.012430573784153,0.95,2.861809045094945,0.0,2.861809045094945,4.7696817418249084
2025-06-08,26.8,6.4,82,3.834186063035246,0.95,3.6424767598834835,5.120000000000001,0.0,0.0
2025-06-09,27.6,0.0,80,4.052157966332789,0.95,3.8495500680161494,0.0,3.8495500680161494,6.415916780026916
2025-06-10,26.4,0.0,86,3.363370547147703,0.95,3.1952020197903175,0.0,3.1952020197903175,5.32533669965053
2025-06-11,27.2,2.0,84,2.790458576966072,0.95,2.6509356481177684,2.0,0.6509356481177684,1.0848927468629475
2025-06-12,27.2,0.0,81,3.557129891563447,0.95,3.3792733969852744,0.0,3.3792733969852744,5.632122328308791
2025-06-13,27.5,0.0,77,4.2282050376660525,0.95,4.01679478578275,0.0,4.01679478578275,6.694657976304583
2025-06-14,26.5,0.0,82,3.966412625008131,0.95,3.768091993757724,0.0,3.768091993757724,6.28015332292954
2025-06-15,27.1,0.0,81,3.4864990406892113,0.95,3.312174088654751,0.0,3.312174088654751,5.520290147757918
2025-06-16,27.4,0.0,79,3.978532475501509,0.95,3.779605851726433,0.0,3.779605851726433,6.299343086210722
2025-06-17,25.4,57.0,88,3.7427445133160018,0.95,3.5556072876502016,39.9,0.0,0.0
2025-06-18,24.6,34.7,94,3.0793281029068633,0.95,2.92536169776152,24.29,0.0,0.0
2025-06-19,24.9,7.5,92,2.2068833927016627,0.95,2.0965392230665794,6.0,0.0,0.0
2025-06-20,25.9,0.2,82,3.425470306055555,0.95,3.254196790752777,0.2,3.0541967907527767,5.090327984587962
2025-06-21,25.2,53.0,90,3.3587048938048163,0.95,3.1907696491145754,37.099999999999994,0.0,0.0
2025-06-22,26.6,25.2,83,2.7007733383270067,0.95,2.5657346714106564,17.639999999999997,0.0,0.0
2025-06-23,27.2,0.0,80,4.000863652231657,0.95,3.800820469620074,0.0,3.800820469620074,6.334700782700123
2025-06-24,26.4,0.0,82,3.3673361533762614,0.95,3.198969345707448,0.0,3.198969345707448,5.33161557617908
2025-06-25,25.7,0.0,86,3.1267218422267025,0.95,2.970385750115367,0.0,2.970385750115367,4.950642916858945
2025-06-26,26.3,2.7,83,3.5489419302018024,0.95,3.371494833691712,2.7,0.6714948336917117,1.119158056152853
2025-06-27,26.6,0.0,81,3.9324708129463275,0.95,3.735847272299011,0.0,3.735847272299011,6.226412120498352
2025-06-28,25.4,0.0,89,3.0576132958465503,0.95,2.9047326310542227,0.0,2.9047326310542227,4.841221051757038
2025-06-29,23.7,12.0,93,2.180459573841021,0.95,2.0714365951489695,8.399999999999999,0.0,0.0
2025-06-30,26.4,0.9,82,3.33607867657899,0.95,3.1692747427500403,0.9,2.2692747427500404,3.7821245712500673
2025-07-01,26.0,10.1,87,3.3928294306755733,0.95,3.2231879591417947,7.069999999999999,0.0,0.0
2025-07-02,25.7,2.4,86,3.4292936072904694,0.95,3.2578289269259457,2.4,0.8578289269259458,1.4297148782099098
2025-07-03,26.3,11.8,88,3.1672740048544332,0.95,3.0089103046117116,8.26,0.0,0.0
2025-07-04,25.5,51.6,90,2.8124003840398517,0.95,2.671780364837859,36.12,0.0,0.0
2025-07-05,25.9,50.0,89,3.505980483390494,0.95,3.330681459220969,35.0,0.0,0.0
2025-07-06,25.3,86.0,88,3.461015954089715,0.95,3.287965156385229,60.199999999999996,0.0,0.0
2025-07-07,24.7,6.7,87,3.5926276469605063,0.95,3.412996264612481,5.36,0.0,0.0
2025-07-08,26.1,53.8,86,3.3491890286545467,0.95,3.181729577221819,37.66,0.0,0.0
2025-07-09,26.4,0.2,86,3.6324326214744707,0.95,3.450810990400747,0.2,3.2508109904007467,5.418018317334578
2025-07-10,25.5,1.4,82,3.7801726991557922,0.95,3.5911640641980025,1.4,2.1911640641980026,3.6519401069966713
2025-07-11,26.4,0.0,80,3.9060403229653553,0.95,3.7107383068170874,0.0,3.7107383068170874,6.184563844695146
2025-07-12,26.3,0.0,80,3.113217024396668,0.95,2.9575561731768345,0.0,2.9575561731768345,4.929260288628058
2025-07-13,25.8,0.0,82,3.89271775738813,0.95,3.6980818695187234,0.0,3.6980818695187234,6.163469782531206
2025-07-14,26.5,2.7,87,2.953629663001681,0.95,2.8059481798515966,2.7,0.10594817985159644,0.17658029975266074
2025-07-15,26.2,0.3,85,2.692175893553596,0.95,2.5575670988759165,0.3,2.2575670988759167,3.762611831459861
2025-07-16,26.3,0.0,84,3.1811434620127192,0.95,3.022086288912083,0.0,3.022086288912083,5.036810481520138
2025-07-17,26.6,0.5,81,3.799081360869927,0.95,3.6091272928264306,0.5,3.1091272928264306,5.181878821377385
2025-07-18,26.9,0.2,80,3.964544844837541,0.95,3.7663176025956635,0.2,3.5663176025956633,5.943862670992773
2025-07-19,26.1,8.8,81,3.875472682025526,0.95,3.6816990479242495,7.040000000000001,0.0,0.0
2025-07-20,26.4,0.0,78,4.160730264751599,0.95,3.952693751514019,0.0,3.952693751514019,6.587822919190032
2025-07-21,26.6,0.0,76,4.1188775953029735,0.95,3.9129337155378248,0.0,3.9129337155378248,6.521556192563041
2025-07-22,26.1,0.0,76,4.23968518117395,0.95,4.027700922115253,0.0,4.027700922115253,6.712834870192088
2025-07-23,26.5,0.0,74,4.3239113320672065,0.95,4.107715765463846,0.0,4.107715765463846,6.846192942439743
2025-07-24,26.8,0.0,75,4.313166378508345,0.95,4.097508059582928,0.0,4.097508059582928,6.829180099304881
2025-07-25,27.1,0.0,77,4.218916573488269,0.95,4.007970744813856,0.0,4.007970744813856,6.679951241356427
2025-07-26,26.6,0.0,79,4.199812743797687,0.95,3.9898221066078023,0.0,3.9898221066078023,6.649703511013004
2025-07-27,26.6,0.0,82,4.0892514486582305,0.95,3.884788876225319,0.0,3.884788876225319,6.474648127042198
2025-07-28,25.9,55.3,85,3.9231879955561197,0.95,3.7270285957783136,38.709999999999994,0.0,0.0
2025-07-29,26.1,5.4,87,3.423441690276004,0.95,3.2522696057622036,4.32,0.0,0.0
2025-07-30,25.6,53.5,89,3.6376677001203093,0.95,3.4557843151142937,37.449999999999996,0.0,0.0
2025-07-31,27.1,68.8,78,4.082355599249503,0.95,3.878237819287028,48.16,0.0,0.0
2025-08-01,26.6,0.0,81,4.147938886627427,0.95,3.940541942296056,0.0,3.940541942296056,6.56756990382676
2025-08-02,26.3,0.0,78,4.263536697803247,0.95,4.050359862913085,0.0,4.050359862913085,6.750599771521809
2025-08-03,26.2,0.0,84,4.067413055581452,0.95,3.864042402802379,0.0,3.864042402802379,6.440070671337298
2025-08-04,25.4,24.6,87,3.769402671456205,0.95,3.5809325378833945,17.22,0.0,0.0
2025-08-05,25.4,66.5,87,3.734910363226112,0.95,3.5481648450648064,46.55,0.0,0.0
2025-08-06,26.4,41.0,84,4.030522987511952,0.95,3.8289968381363537,28.7,0.0,0.0
2025-08-07,26.7,0.0,83,4.199777596978018,0.95,3.9897887171291173,0.0,3.9897887171291173,6.649647861881863
2025-08-08,26.5,55.2,87,4.026017113958587,0.95,3.8247162582606573,38.64,0.0,0.0
2025-08-09,25.4,1.8,89,3.5032510399727426,0.95,3.3280884879741053,1.8,1.5280884879741052,2.546814146623509
2025-08-10,25.3,115.2,84,3.8118817203273614,0.95,3.621287634310993,80.64,0.0,0.0
2025-08-11,25.2,43.0,91,3.815390771863956,0.95,3.624621233270758,30.099999999999998,0.0,0.0
2025-08-12,24.2,11.1,93,2.608283159788283,0.95,2.4778690017988687,7.77,0.0,0.0
2025-08-13,25.4,15.0,85,3.54005536383763,0.95,3.3630525956457484,10.5,0.0,0.0
2025-08-14,25.0,0.2,76,4.233707799535608,0.95,4.0220224095588275,0.2,3.8220224095588273,6.370037349264712
2025-08-15,25.3,0.4,77,3.113196152403191,0.95,2.957536344783031,0.4,2.5575363447830313,4.2625605746383854
2025-08-16,26.2,0.0,75,4.287114883110467,0.95,4.072759138954944,0.0,4.072759138954944,6.787931898258241
2025-08-17,26.1,0.0,78,4.3276440010952175,0.95,4.111261801040456,0.0,4.111261801040456,6.852103001734093
2025-08-18,25.5,0.0,85,4.110941502947204,0.95,3.905394427799844,0.0,3.905394427799844,6.50899071299974
2025-08-19,25.2,0.9,89,2.7857033933087765,0.95,2.6464182236433373,0.9,1.7464182236433374,2.9106970394055627
2025-08-20,25.1,3.2,88,3.4192721693276193,0.95,3.248308560861238,3.2,0.048308560861237915,0.08051426810206319
2025-08-21,25.4,15.1,85,2.9564143021504385,0.95,2.8085935870429166,10.569999999999999,0.0,0.0
2025-08-22,26.4,33.6,87,3.571130043028583,0.95,3.392573540877154,23.52,0.0,0.0
2025-08-23,27.0,0.4,83,4.245495055288892,0.95,4.033220302524447,0.4,3.6332203025244474,6.055367170874079
2025-08-24,25.6,39.5,85,4.100500399910123,0.95,3.895475379914617,27.65,0.0,0.0
2025-08-25,25.0,4.2,87,3.775518751483892,0.95,3.586742813909697,4.2,0.0,0.0
2025-08-26,26.1,22.2,79,3.6198819480467206,0.95,3.4388878506443845,15.54,0.0,0.0
2025-08-27,26.4,0.0,75,4.681280378701355,0.95,4.447216359766287,0.0,4.447216359766287,7.412027266277145
2025-08-28,26.5,0.2,80,4.38147643343593,0.95,4.162402611764133,0.2,3.9624026117641327,6.604004352940222
2025-08-29,26.1,4.2,83,3.8942419657496545,0.95,3.6995298674621715,4.2,0.0,0.0
2025-08-30,26.9,0.6,77,4.099721504551254,0.95,3.894735429323691,0.6,3.294735429323691,5.4912257155394855
2025-08-31,25.3,39.2,87,3.1770013640087003,0.95,3.018151295808265,27.44,0.0,0.0
2025-09-01,26.4,29.1,83,4.030260708525327,0.95,3.82874767309906,20.37,0.0,0.0
2025-09-02,27.0,0.0,73,4.296533310873688,0.95,4.081706645330003,0.0,4.081706645330003,6.802844408883339
2025-09-03,26.3,0.0,76,4.618158156084369,0.95,4.38725024828015,0.0,4.38725024828015,7.312083747133584
2025-09-04,26.9,0.0,74,4.777727151520042,0.95,4.53884079394404,0.0,4.53884079394404,7.5647346565734
2025-09-05,26.7,0.0,85,4.436237788568784,0.95,4.214425899140345,0.0,4.214425899140345,7.024043165233908
2025-09-06,25.6,39.8,85,4.203291263315078,0.95,3.993126700149324,27.859999999999996,0.0,0.0
2025-09-07,26.2,8.4,80,4.380768699874163,0.95,4.161730264880455,6.720000000000001,0.0,0.0
2025-09-08,26.5,0.0,82,3.869535374572594,0.95,3.676058605843964,0.0,3.676058605843964,6.1267643430732734
2025-09-09,25.3,12.1,90,3.666940020869394,0.95,3.4835930198259244,8.469999999999999,0.0,0.0
2025-09-10,26.2,0.6,83,2.7043100415620516,0.95,2.569094539483949,0.6,1.9690945394839487,3.281824232473248
2025-09-11,24.4,47.2,94,3.650527357089701,0.95,3.468000989235216,33.04,0.0,0.0
2025-09-12,25.8,2.4,87,3.0821581288372157,0.95,2.928050222395355,2.4,0.5280502223953549,0.8800837039922582
2025-09-13,27.0,1.5,80,3.8516742239483666,0.95,3.659090512750948,1.5,2.159090512750948,3.5984841879182468
2025-09-14,25.6,8.6,86,4.416806689992942,0.95,4.195966355493295,6.88,0.0,0.0
2025-09-15,26.6,6.9,79,3.762209489960856,0.95,3.5740990154628127,5.5200000000000005,0.0,0.0
2025-09-16,25.6,0.2,85,4.203660126455248,0.95,3.9934771201324857,0.2,3.7934771201324855,6.322461866887476
2025-09-17,24.9,18.6,90,3.791835622828472,0.95,3.6022438416870486,13.02,0.0,0.0
2025-09-18,24.7,84.0,93,2.7084148901989926,0.95,2.572994145689043,58.8,0.0,0.0
2025-09-19,25.8,0.0,86,3.393936066617331,0.95,3.224239263286464,0.0,3.224239263286464,5.3737321054774405
2025-09-20,25.7,0.0,87,3.598675855532813,0.95,3.418742062756172,0.0,3.418742062756172,5.6979034379269535
2025-09-21,25.8,4.2,86,3.215607421699337,0.95,3.05482705061437,4.2,0.0,0.0
2025-09-22,26.8,0.2,85,4.355185337021337,0.95,4.13742607017027,0.2,3.93742607017027,6.5623767836171165
2025-09-23,26.1,3.8,88,4.506576657948266,0.95,4.281247825050852,3.8,0.4812478250508523,0.8020797084180872
2025-09-24,26.5,37.0,81,4.34725747798725,0.95,4.1298946040878874,25.9,0.0,0.0
2025-09-25,26.3,0.0,82,4.587360402037082,0.95,4.357992381935228,0.0,4.357992381935228,7.2633206365587135
2025-09-26,26.4,1.2,83,4.307500546566081,0.95,4.0921255192377775,1.2,2.8921255192377773,4.820209198729629
2025-09-27,27.7,2.0,80,4.861124882219457,0.95,4.6180686381084834,2.0,2.6180686381084834,4.363447730180806
2025-09-28,27.1,0.0,78,4.724412752821456,0.95,4.488192115180383,0.0,4.488192115180383,7.480320191967306
2025-09-29,25.5,0.0,87,4.474758807557955,0.95,4.251020867180057,0.0,4.251020867180057,7.085034778633429
2025-09-30,25.3,35.6,86,3.55666994825879,0.95,3.37883645084585,24.919999999999998,0.0,0.0
2025-10-01,26.5,24.8,85,4.017319734150647,0.95,3.816453747443114,17.36,0.0,0.0
2025-10-02,24.4,1.8,94,3.976559613428402,0.95,3.7777316327569817,1.8,1.9777316327569816,3.2962193879283026
2025-10-03,26.3,23.4,82,3.322274040698719,0.95,3.1561603386637826,16.38,0.0,0.0
2025-10-04,26.8,0.0,79,3.8308438689243407,0.95,3.6393016754781233,0.0,3.6393016754781233,6.065502792463539
2025-10-05,25.4,12.5,84,4.662091593882476,0.95,4.428987014188352,8.75,0.0,0.0
2025-10-06,27.3,6.4,76,4.856871686375777,0.95,4.614028102056988,5.120000000000001,0.0,0.0
2025-10-07,26.8,0.0,81,4.7906501693921,0.95,4.551117660922494,0.0,4.551117660922494,7.58519610153749
2025-10-08,26.4,0.2,84,3.726911923218827,0.95,3.5405663270578853,0.2,3.340566327057885,5.567610545096476
2025-10-09,26.3,16.8,78,4.616108759017364,0.95,4.385303321066496,11.76,0.0,0.0
2025-10-10,27.2,0.2,75,5.0083363569981465,0.95,4.757919539148239,0.2,4.557919539148239,7.596532565247065
2025-10-11,27.8,7.4,76,4.677832578160924,0.95,4.443940949252878,5.920000000000001,0.0,0.0
2025-10-12,27.9,16.8,78,4.947187992392739,0.95,4.699828592773102,11.76,0.0,0.0
2025-10-13,27.9,0.0,80,4.9368939283989555,0.95,4.690049231979008,0.0,4.690049231979008,7.816748719965013
2025-10-14,28.6,0.0,75,4.388287708693921,0.95,4.168873323259225,0.0,4.168873323259225,6.948122205432043
2025-10-15,28.3,0.0,78,5.084863095918093,0.95,4.830619941122189,0.0,4.830619941122189,8.051033235203649
2025-10-16,27.9,0.0,80,4.640378158283883,0.95,4.4083592503696885,0.0,4.4083592503696885,7.347265417282815
2025-10-17,27.0,0.0,82,4.8905648640263,0.95,4.646036620824985,0.0,4.646036620824985,7.743394368041642
2025-10-18,26.8,6.4,87,4.212324688552734,0.95,4.0017084541250965,5.120000000000001,0.0,0.0
2025-10-19,26.0,16.4,88,4.113577334614932,0.95,3.9078984678841846,11.479999999999999,0.0,0.0
2025-10-20,27.6,18.5,85,4.1688823563253745,0.95,3.9604382385091057,12.95,0.0,0.0
2025-10-21,27.5,0.6,84,4.2827246977749365,0.95,4.068588462886189,0.6,3.468588462886189,5.780980771476981
2025-10-22,26.8,6.2,84,4.459465281350105,0.95,4.2364920172825995,4.960000000000001,0.0,0.0
2025-10-23,25.5,2.5,90,3.501328462535495,0.95,3.3262620394087197,2.5,0.8262620394087197,1.377103399014533
2025-10-24,25.2,4.0,93,3.189835325926223,0.95,3.0303435596299115,4.0,0.0,0.0
2025-10-25,27.1,10.8,83,2.9065409694002273,0.95,2.761213920930216,7.56,0.0,0.0
2025-10-26,25.5,0.8,92,3.409001758098588,0.95,3.2385516701936585,0.8,2.4385516701936583,4.064252783656097
2025-10-27,26.2,3.4,86,4.029662108688148,0.95,3.828179003253741,3.4,0.4281790032537409,0.7136316720895682
2025-10-28,25.2,16.5,88,4.192356196586204,0.95,3.982738386756894,11.549999999999999,0.0,0.0
2025-10-29,26.1,13.8,89,2.8573843225217277,0.95,2.714515106395641,9.66,0.0,0.0
2025-10-30,26.2,8.4,86,3.5693494277611735,0.95,3.3908819563731147,6.720000000000001,0.0,0.0
2025-10-31,25.9,1.6,84,4.108116624741076,0.95,3.9027107935040215,1.6,2.3027107935040214,3.8378513225067024
2025-11-01,26.5,2.6,85,4.0139219078779,0.95,3.8132258124840046,2.6,1.2132258124840045,2.022043020806674
2025-11-02,26.7,50.0,83,4.713357451934292,0.95,4.477689579337577,35.0,0.0,0.0
2025-11-03,26.3,4.0,84,4.112335427770229,0.95,3.906718656381717,4.0,0.0,0.0
2025-11-04,26.6,0.8,84,4.266902677110431,0.95,4.053557543254909,0.8,3.2535575432549093,5.422595905424849
2025-11-05,26.3,14.4,83,4.474400578578551,0.95,4.250680549649623,10.08,0.0,0.0
2025-11-06,27.1,0.0,78,3.11424365471285,0.95,2.9585314719772073,0.0,2.9585314719772073,4.9308857866286795
2025-11-07,27.8,0.5666666666666667,81,3.349951313019239,0.95,3.182453747368277,0.5666666666666667,2.61578708070161,4.359645134502683
2025-11-08,26.2,1.133333333333333,84,4.491234116820819,0.95,4.266672410979778,1.133333333333333,3.133339077646445,5.222231796077409
2025-11-09,27.2,1.7,78,3.2099992313415817,0.95,3.0494992697745027,1.7,1.3494992697745027,2.2491654496241713
2025-11-10,27.1,0.0,81,4.493158484623789,0.95,4.268500560392599,0.0,4.268500560392599,7.114167600654333
2025-11-11,26.2,1.0,84,4.066602941772755,0.95,3.8632727946841174,1.0,2.8632727946841174,4.772121324473529
2025-11-12,26.5,2.3,85,4.626065414453855,0.95,4.394762143731162,2.3,2.0947621437311623,3.4912702395519375
2025-11-13,25.8,1.2,85,3.1129397946341806,0.95,2.9572928049024716,1.2,1.7572928049024716,2.9288213415041193
2025-11-14,25.3,4.149999999999999,88,3.0144349600202514,0.95,2.863713212019239,4.149999999999999,0.0,0.0
2025-11-15,26.9,7.1,80,3.1297345532400516,0.95,2.973247825578049,5.68,0.0,0.0
2025-11-16,27.5,0.0,81,4.1116721298248775,0.95,3.9060885233336333,0.0,3.9060885233336333,6.510147538889389
2025-11-17,27.5,0.1,79,3.6566365460268453,0.95,3.473804718725503,0.1,3.373804718725503,5.6230078645425055
2025-11-18,23.8,0.2,94,3.181908734345321,0.95,3.022813297628055,0.2,2.8228132976280547,4.704688829380092
2025-11-19,26.2,37.4,85,2.713115823612983,0.95,2.5774600324323336,26.179999999999996,0.0,0.0
2025-11-20,25.9,0.2,89,3.51254404219737,0.95,3.3369168400875013,0.2,3.136916840087501,5.228194733479169
2025-11-21,26.9,2.5,79,3.5724127102595085,0.95,3.393792074746533,2.5,0.8937920747465329,1.4896534579108882
2025-11-22,26.7,0.0,82,4.290313375865427,0.95,4.075797707072155,0.0,4.075797707072155,6.792996178453592
2025-11-23,25.3,38.8,87,4.004584170842039,0.95,3.8043549622999366,27.159999999999997,0.0,0.0
2025-11-24,27.4,17.5,77,3.1514211014278195,0.95,2.9938500463564286,12.25,0.0,0.0
2025-11-25,26.5,0.0,78,4.6732301543966095,0.95,4.439568646676779,0.0,4.439568646676779,7.399281077794632
2025-11-26,27.2,0.0,78,4.7771110015519485,0.95,4.538255451474351,0.0,4.538255451474351,7.5637590857905845
2025-11-27,27.5,0.0,80,4.140007268647124,0.95,3.9330069052147674,0.0,3.9330069052147674,6.555011508691279
2025-11-28,28.6,0.0,75,4.413850185835163,0.95,4.193157676543405,0.0,4.193157676543405,6.988596127572341
2025-11-29,27.2,0.0,81,4.496517287017755,0.95,4.271691422666867,0.0,4.271691422666867,7.119485704444779
2025-11-30,25.8,0.0,86,3.8296240843741134,0.95,3.6381428801554074,0.0,3.6381428801554074,6.063571466925679
2025-12-01,26.0,79.4,88,3.9100825330016065,0.95,3.714578406351526,55.58,0.0,0.0
2025-12-02,26.5,27.2,86,4.310967903300268,0.95,4.0954195081352545,19.04,0.0,0.0
2025-12-03,27.0,0.6,86,4.050394508960289,0.95,3.847874783512274,0.6,3.247874783512274,5.4131246391871235
2025-12-04,24.4,3.6,91,3.7596513188343774,0.95,3.5716687528926583,3.6,0.0,0.0
2025-12-05,25.8,38.9,84,3.160513608683463,0.95,3.00248792824929,27.229999999999997,0.0,0.0
2025-12-06,25.4,4.8,89,3.811409702105376,0.95,3.620839217000107,4.8,0.0,0.0
2025-12-07,26.7,5.0,86,3.6592122594728003,0.95,3.47625164649916,4.0,0.0,0.0
2025-12-08,26.1,0.0,86,3.7291706610512088,0.95,3.542712127998648,0.0,3.542712127998648,5.904520213331081
2025-12-09,26.4,2.2,86,3.1864577709366895,0.95,3.0271348823898547,2.2,0.8271348823898546,1.3785581373164244
2025-12-10,26.0,0.0,83,3.157427331183267,0.95,2.9995559646241032,0.0,2.9995559646241032,4.999259941040172
2025-12-11,25.5,41.4,94,3.509083240269595,0.95,3.333629078256115,28.979999999999997,0.0,0.0
2025-12-12,27.1,7.1,84,3.0041793563980224,0.95,2.853970388578121,5.68,0.0,0.0
2025-12-13,26.8,0.2,85,4.004078567049739,0.95,3.8038746386972524,0.2,3.603874638697252,6.0064577311620875
2025-12-14,26.4,4.0,86,3.732091693126913,0.95,3.545487108470567,4.0,0.0,0.0
2025-12-15,26.2,3.6,85,2.7780755859710986,0.95,2.6391718066725436,3.6,0.0,0.0
2025-12-16,24.7,0.4,90,3.111583283263223,0.95,2.956004119100062,0.4,2.556004119100062,4.26000686516677
2025-12-17,26.8,34.6,84,3.4116725458362525,0.95,3.2410889185444396,24.22,0.0,0.0
2025-12-18,24.8,0.2,94,2.7267986376698223,0.95,2.590458705786331,0.2,2.390458705786331,3.9840978429772185
2025-12-19,24.2,11.1,96,2.6844019312762906,0.95,2.550181834712476,7.77,0.0,0.0
2025-12-20,24.7,18.7,93,2.1523663935821986,0.95,2.0447480739030888,13.089999999999998,0.0,0.0
2025-12-21,25.1,31.7,94,3.232183933880513,0.95,3.070574737186487,22.189999999999998,0.0,0.0
2025-12-22,26.5,12.0,88,3.445769482308491,0.95,3.273481008193066,8.399999999999999,0.0,0.0
2025-12-23,27.3,0.2,86,3.9553213132138954,0.95,3.7575552475532006,0.2,3.5575552475532004,5.9292587459220005
2025-12-24,26.2,3.6,86,3.476598860358895,0.95,3.30276891734095,3.6,0.0,0.0
2025-12-25,26.7,0.0,86,3.8344376627737833,0.95,3.6427157796350937,0.0,3.6427157796350937,6.07119296605849
2025-12-26,26.9,20.8,84,4.290102814896413,0.95,4.075597674151592,14.559999999999999,0.0,0.0
2025-12-27,28.6,0.2,76,3.504413786264154,0.95,3.329193096950946,0.2,3.129193096950946,5.215321828251577
2025-12-28,26.5,0.0,87,3.6302912943910743,0.95,3.4487767296715206,0.0,3.4487767296715206,5.747961216119201
2025-12-29,25.7,13.4,86,3.9541287139633376,0.95,3.7564222782651706,9.379999999999999,0.0,0.0
2025-12-30,24.4,29.0,91,3.2129841721645307,0.95,3.052334963556304,20.299999999999997,0.0,0.0
2025-12-31,25.1,54.2,92,2.895885245690618,0.95,2.751090983406087,37.94,0.0,0.0
2026-01-01,24.2,17.4,94,3.0593604690293796,0.95,2.9063924455779104,12.179999999999998,0.0,0.0
2026-01-02,24.9,5.4,91,2.754597504253192,0.95,2.616867629040532,4.32,0.0,0.0
2026-01-03,24.3,27.4,88,2.897575356669268,0.95,2.752696588835805,19.179999999999996,0.0,0.0
2026-01-04,26.1,4.8,87,2.528187963072231,0.95,2.401778564918619,4.8,0.0,0.0
2026-01-05,27.3,0.0,83,4.118246338909389,0.95,3.912334021963919,0.0,3.912334021963919,6.520556703273199
2026-01-06,27.3,0.0,82,4.017364041790888,0.95,3.8164958397013433,0.0,3.8164958397013433,6.360826399502239
2026-01-07,25.5,23.2,93,3.8684791411469384,0.95,3.675055184089591,16.24,0.0,0.0
2026-01-08,25.8,6.6,86,3.159152660417107,0.95,3.0011950273962515,5.28,0.0,0.0
2026-01-09,25.5,4.4,89,2.5608266149063925,0.95,2.432785284161073,4.4,0.0,0.0
2026-01-10,25.2,6.4,88,3.497846265260291,0.95,3.322953951997276,5.120000000000001,0.0,0.0
2026-01-11,24.2,2.4,94,2.228060797287077,0.95,2.116657757422723,2.4,0.0,0.0
2026-01-12,22.9,49.6,96,3.462781155815605,0.95,3.2896420980248244,34.72,0.0,0.0
2026-01-13,24.1,7.6,93,2.2267019187444244,0.95,2.115366822807203,6.08,0.0,0.0
2026-01-14,23.9,14.6,95,2.364227340823539,0.95,2.2460159737823617,10.219999999999999,0.0,0.0
2026-01-15,24.1,28.6,92,3.1590297907096505,0.95,3.001078301174168,20.02,0.0,0.0
2026-01-16,25.8,1.4,85,2.6071970425527495,0.95,2.476837190425112,1.4,1.076837190425112,1.79472865070852
2026-01-17,25.2,11.0,94,2.5359344289232215,0.95,2.4091377074770604,7.699999999999999,0.0,0.0
2026-01-18,24.9,15.2,93,2.2997009757742397,0.95,2.1847159269855276,10.639999999999999,0.0,0.0
2026-01-19,25.0,0.4,89,2.439910931329488,0.95,2.3179153847630136,0.4,1.9179153847630137,3.19652564127169
2026-01-20,24.5,21.4,89,2.893257784328463,0.95,2.7485948951120394,14.979999999999999,0.0,0.0
2026-01-21,23.3,24.4,95,2.245160613337252,0.95,2.1329025826703893,17.08,0.0,0.0
2026-01-22,24.4,8.2,92,3.2411888982477524,0.95,3.079129453335365,6.56,0.0,0.0
2026-01-23,23.5,52.2,97,2.006548785867403,0.95,1.906221346574033,36.54,0.0,0.0
2026-01-24,25.2,29.8,91,3.185504022074725,0.95,3.0262288209709887,20.86,0.0,0.0
2026-01-25,26.1,3.2,87,3.318945087421959,0.95,3.152997833050861,3.2,0.0,0.0
2026-01-26,26.4,1.2,83,3.8708080451789404,0.95,3.6772676429199933,1.2,2.477267642919993,4.1287794048666555
2026-01-27,26.0,1.2,86,4.056800740146522,0.95,3.8539607031391956,1.2,2.6539607031391954,4.423267838565326
2026-01-28,24.1,15.2,96,2.2016814877536435,0.95,2.091597413365961,10.639999999999999,0.0,0.0
2026-01-29,24.8,54.7,93,3.3141195498991487,0.95,3.1484135724041913,38.29,0.0,0.0
2026-01-30,25.2,61.4,87,2.629060390594137,0.95,2.49760737106443,42.98,0.0,0.0
2026-01-31,25.7,0.0,90,2.833360041531068,0.95,2.691692039454514,0.0,2.691692039454514,4.486153399090857
2026-02-01,25.3,0.1,90,3.477237977571439,0.95,3.303376078692867,0.1,3.203376078692867,5.338960131154779
2026-02-02,25.5,2.6,86,2.879010906183572,0.95,2.7350603608743933,2.6,0.13506036087439321,0.22510060145732202
2026-02-03,26.4,1.3,84,3.071180157444553,0.95,2.917621149572325,1.3,1.6176211495723252,2.696035249287209
2026-02-04,24.9,0.0,90,3.466845461405857,0.95,3.293503188335564,0.0,3.293503188335564,5.489171980559274
2026-02-05,24.9,16.8,88,3.140937688652407,0.95,2.9838908042197865,11.76,0.0,0.0
2026-02-06,25.8,1.0,83,3.47564261330239,0.95,3.30186048263727,1.0,2.30186048263727,3.8364341377287836
2026-02-07,24.9,0.2,92,2.5710933443136703,0.95,2.442538677097987,0.2,2.2425386770979867,3.737564461829978
2026-02-08,25.7,18.8,86,2.907015554609731,0.95,2.761664776879244,13.16,0.0,0.0
2026-02-09,24.3,2.4,92,2.607634521288858,0.95,2.4772527952244148,2.4,0.07725279522441486,0.1287546587073581
2026-02-10,25.5,1.7,90,3.475021881549886,0.95,3.3012707874723914,1.7,1.6012707874723915,2.668784645787319
2026-02-11,24.6,0.8,91,2.877078089879914,0.95,2.7332241853859185,0.8,1.9332241853859184,3.222040308976531
2026-02-12,24.2,3.6,93,3.346441144302231,0.95,3.1791190870871193,3.6,0.0,0.0
2026-02-13,25.9,30.0,87,3.705378705288014,0.95,3.520109770023613,21.0,0.0,0.0
2026-02-14,26.3,0.0,86,2.9773943972943413,0.95,2.828524677429624,0.0,2.828524677429624,4.714207795716041
2026-02-15,26.5,3.4,86,4.109917876214819,0.95,3.9044219824040782,3.4,0.5044219824040783,0.8407033040067973
2026-02-16,25.2,0.0,94,3.3895823721970624,0.95,3.220103253587209,0.0,3.220103253587209,5.366838755978682
2026-02-17,24.6,17.1,91,3.2408226672918277,0.95,3.078781533927236,11.97,0.0,0.0
2026-02-18,25.0,17.0,90,3.030400831063904,0.95,2.878880789510709,11.899999999999999,0.0,0.0
2026-02-19,25.2,0.8,96,2.327279343273926,0.95,2.2109153761102296,0.8,1.4109153761102295,2.351525626850383
2026-02-20,25.2,58.4,89,3.4625509094064277,0.95,3.2894233639361063,40.879999999999995,0.0,0.0
2026-02-21,26.1,0.4,89,2.796455402071288,0.95,2.6566326319677236,0.4,2.2566326319677237,3.761054386612873
2026-02-22,26.3,8.9,91,2.881847829796136,0.95,2.737755438306329,7.120000000000001,0.0,0.0
2026-02-23,24.4,17.4,91,2.583795626254695,0.95,2.4546058449419603,12.179999999999998,0.0,0.0
2026-02-24,25.9,0.1,81,2.7092526925481346,0.95,2.5737900579207276,0.1,2.4737900579207275,4.12298342986788
2026-02-25,26.2,0.2,82,2.7907671030176906,0.95,2.651228747866806,0.2,2.451228747866806,4.085381246444676
2026-02-26,27.0,0.0,80,4.090991036398756,0.95,3.886441484578818,0.0,3.886441484578818,6.47740247429803
2026-02-27,26.1,0.8,85,3.4942563056415086,0.95,3.319543490359433,0.8,2.5195434903594327,4.1992391505990545
2026-02-28,25.2,10.2,85,2.819501066783462,0.95,2.678526013444289,7.139999999999999,0.0,0.0
2026-03-01,26.3,1.0,85,2.9931250328667987,0.95,2.8434687812234585,1.0,1.8434687812234585,3.0724479687057644
2026-03-02,25.8,0.2,90,3.7092988613221083,0.95,3.5238339182560026,0.2,3.3238339182560024,5.539723197093338
2026-03-03,25.4,23.6,86,2.61693511508098,0.95,2.486088359326931,16.52,0.0,0.0
2026-03-04,24.5,25.3,90,2.489938837143835,0.95,2.365441895286643,17.71,0.0,0.0
2026-03-05,25.4,2.3,86,3.2041587777902776,0.95,3.0439508389007637,2.3,0.7439508389007639,1.2399180648346064
2026-03-06,25.2,4.8,90,3.0028764731937856,0.95,2.8527326495340963,4.8,0.0,0.0
2026-03-07,23.9,9.3,94,2.3172319550085008,0.95,2.201370357258076,7.440000000000001,0.0,0.0
2026-03-08,24.8,20.4,93,2.892432919110601,0.95,2.7478112731550706,14.279999999999998,0.0,0.0
2026-03-09,26.0,22.2,89,2.5506824400008052,0.95,2.4231483180007647,15.54,0.0,0.0
2026-03-10,26.0,1.8,84,4.298178677067397,0.95,4.083269743214027,1.8,2.283269743214027,3.8054495720233783
2026-03-11,25.6,6.0,84,4.499169172408947,0.95,4.2742107137884995,4.800000000000001,0.0,0.0
2026-03-12,26.0,29.0,84,3.9314571633811615,0.95,3.7348843052121032,20.299999999999997,0.0,0.0
2026-03-13,26.4,14.5,78,4.8804549251011045,0.95,4.636432178846049,10.149999999999999,0.0,0.0
2026-03-14,25.7,0.0,82,4.680100829524411,0.95,4.446095788048191,0.0,4.446095788048191,7.410159646746985
2026-03-15,26.4,0.0,77,4.846996863014766,0.95,4.604647019864028,0.0,4.604647019864028,7.67441169977338
2026-03-16,26.4,0.0,77,4.867189825923061,0.95,4.623830334626908,0.0,4.623830334626908,7.7063838910448474
2026-03-17,27.2,0.0,78,4.889244458267827,0.95,4.644782235354436,0.0,4.644782235354436,7.741303725590726
2026-03-18,27.8,0.0,76,4.976259350616643,0.95,4.727446383085811,0.0,4.727446383085811,7.879077305143018
2026-03-19,27.0,0.0,78,4.924447912573484,0.95,4.67822551694481,0.0,4.67822551694481,7.7970425282413505
2026-03-20,26.3,0.2,86,4.431929599369571,0.95,4.210333119401092,0.2,4.010333119401092,6.683888532335153
2026-03-21,25.9,13.0,87,4.535815417519174,0.95,4.309024646643215,9.1,0.0,0.0
2026-03-22,26.4,14.5,84,3.941693793339079,0.95,3.744609103672125,10.149999999999999,0.0,0.0
2026-03-23,26.6,0.0,81,4.538781239830283,0.95,4.311842177838769,0.0,4.311842177838769,7.186403629731282
2026-03-24,26.6,3.6,84,4.568714827563135,0.95,4.340279086184978,3.6,0.740279086184978,1.2337984769749633
2026-03-25,25.6,0.0,82,3.9016266967770283,0.95,3.706545361938177,0.0,3.706545361938177,6.177575603230295
2026-03-26,25.7,0.1,90,2.8192092049217043,0.95,2.678248744675619,0.1,2.578248744675619,4.2970812411260315
2026-03-27,25.6,2.0,89,3.0768152033416714,0.95,2.9229744431745877,2.0,0.9229744431745877,1.5382907386243128
2026-03-28,27.1,1.0,86,2.778748940286284,0.95,2.63981149327197,1.0,1.6398114932719698,2.7330191554532832
2026-03-29,26.6,0.0,86,3.047321815409324,0.95,2.8949557246388573,0.0,2.8949557246388573,4.824926207731429
2026-03-30,26.5,3.4,89,3.9944225761300163,0.95,3.7947014473235154,3.4,0.39470144732351553,0.6578357455391926
2026-03-31,25.0,6.4,96,3.585580210999842,0.95,3.4063012004498496,5.120000000000001,0.0,0.0
2026-04-01,26.0,9.7,86,3.6503810036195907,0.95,3.467861953438611,7.76,0.0,0.0
2026-04-02,26.3,1.6,84,4.457785089495259,0.95,4.234895835020495,1.6,2.634895835020495,4.391493058367492
2026-04-03,26.7,33.1,83,4.034840136857213,0.95,3.833098130014352,23.169999999999998,0.0,0.0
2026-04-04,25.0,58.0,91,3.6160338042243616,0.95,3.4352321140131434,40.599999999999994,0.0,0.0
2026-04-05,25.9,41.0,87,3.7785712711211104,0.95,3.5896427075650545,28.7,0.0,0.0
2026-04-06,26.0,15.0,86,3.9101202763858063,0.95,3.7146142625665157,10.5,0.0,0.0
2026-04-07,26.6,0.0,84,3.8876308597107263,0.95,3.69324931672519,0.0,3.69324931672519,6.155415527875316
2026-04-08,26.6,0.0,84,4.110164179605036,0.95,3.904655970624784,0.0,3.904655970624784,6.507759951041307
2026-04-09,26.4,0.0,84,4.158678033956299,0.95,3.950744132258484,0.0,3.950744132258484,6.58457355376414
2026-04-10,26.6,0.0,81,3.392247238311934,0.95,3.222634876396337,0.0,3.222634876396337,5.371058127327228
2026-04-11,26.9,0.0,81,4.544445996256315,0.95,4.3172236964435,0.0,4.3172236964435,7.195372827405833
2026-04-12,26.4,6.2,84,4.483732556327509,0.95,4.259545928511134,4.960000000000001,0.0,0.0
2026-04-13,27.3,0.2,80,4.2386022042927305,0.95,4.026672094078093,0.2,3.826672094078093,6.377786823463489
2026-04-14,26.2,32.4,88,3.862038726283486,0.95,3.6689367899693113,22.679999999999996,0.0,0.0
2026-04-15,25.7,38.2,87,3.81851249803422,0.95,3.627586873132509,26.740000000000002,0.0,0.0
2026-04-16,26.1,74.9,89,3.7572494823537324,0.95,3.5693870082360455,52.43,0.0,0.0
2026-04-17,26.4,25.4,90,4.004529529145554,0.95,3.804303052688276,17.779999999999998,0.0,0.0
2026-04-18,27.3,16.6,84,3.4352664832824584,0.95,3.2635031591183354,11.620000000000001,0.0,0.0
2026-04-19,26.2,6.9,87,4.285471350356697,0.95,4.071197782838862,5.5200000000000005,0.0,0.0
2026-04-20,27.5,72.3,83,4.366354078511102,0.95,4.148036374585547,50.60999999999999,0.0,0.0
2026-04-21,27.2,0.0,84,4.192993051742742,0.95,3.9833433991556046,0.0,3.9833433991556046,6.638905665259341
2026-04-22,27.1,20.4,83,3.3953594989629705,0.95,3.225591524014822,14.279999999999998,0.0,0.0
2026-04-23,26.5,4.9,87,4.26408237171916,0.95,4.0508782531332015,4.9,0.0,0.0
2026-04-24,27.8,0.0,80,3.360657325026553,0.95,3.1926244587752253,0.0,3.1926244587752253,5.3210407646253755
2026-04-25,28.4,0.0,78,4.6605423525826435,0.95,4.427515234953511,0.0,4.427515234953511,7.379192058255852
2026-04-26,27.5,7.5,83,4.112933143802592,0.95,3.9072864866124624,6.0,0.0,0.0
2026-04-27,27.5,0.4,83,4.335981370549468,0.95,4.119182302021994,0.4,3.7191823020219945,6.198637170036657
2026-04-28,26.9,0.0,88,4.117766013442038,0.95,3.911877712769936,0.0,3.911877712769936,6.519796187949893
2026-04-29,26.9,16.2,87,3.0240374101322214,0.95,2.8728355396256102,11.339999999999998,0.0,0.0
2026-04-30,26.5,0.4,87,3.9710726017351474,0.95,3.77251897164839,0.4,3.37251897164839,5.620864952747317
